objeto,tipo_objeto,codigo,etiqueta,lat,lon,ha
2,activa,N,no_es_nogalera,26.26067,-103.611881,4.01
8,activa,N,no_es_nogalera,26.137561,-103.418004,0.94
13,activa,N,no_es_nogalera,26.127703,-103.715721,3.96
22,activa,O,nogalera,26.112002,-103.3966,3.87
25,activa,N,no_es_nogalera,26.104408,-103.487443,0.73
28,activa,N,no_es_nogalera,26.091203,-103.451121,3.69
29,activa,O,nogalera,26.060021,-103.464624,20.05
34,activa,N,no_es_nogalera,25.988101,-103.929228,2.32
37,activa,N,no_es_nogalera,25.966955,-103.890715,2.25
38,activa,N,no_es_nogalera,25.96575,-103.94701,1.22
41,activa,O,nogalera,25.948173,-103.374262,7.72
44,activa,N,no_es_nogalera,25.931364,-103.157898,1.06
45,activa,O,nogalera,25.93481,-103.374096,6.49
50,activa,N,no_es_nogalera,25.92214,-103.383454,4.74
51,activa,N,no_es_nogalera,25.925118,-103.922309,3.59
52,activa,O,nogalera,25.913048,-103.341752,7.81
53,activa,N,no_es_nogalera,25.908692,-103.379645,0.73
63,activa,O,nogalera,25.897937,-103.228182,1.26
65,activa,N,no_es_nogalera,25.896658,-103.204896,1.78
66,activa,N,no_es_nogalera,25.896733,-103.379958,3.54
69,activa,N,no_es_nogalera,25.896344,-103.373376,4.52
70,activa,N,no_es_nogalera,25.887861,-103.257074,0.54
71,activa,O,nogalera,25.882524,-103.146981,16.46
73,activa,O,nogalera,25.883474,-103.421905,8.29
74,activa,O,nogalera,25.878314,-103.156677,5.35
75,activa,O,nogalera,25.88105,-103.427376,5.13
78,activa,O,nogalera,25.879579,-103.420709,11.71
79,activa,U,dudosa,25.875679,-103.29168,2.23
83,activa,O,nogalera,25.867698,-103.131198,2.98
84,activa,N,no_es_nogalera,25.864886,-103.130195,1.32
87,activa,N,no_es_nogalera,25.862101,-103.159473,0.57
90,activa,N,no_es_nogalera,25.863743,-103.405004,4.63
92,activa,N,no_es_nogalera,25.866459,-103.995596,2.78
97,activa,O,nogalera,25.855198,-103.288782,8.54
100,activa,N,no_es_nogalera,25.853133,-103.400657,2.86
103,activa,O,nogalera,25.849285,-103.11393,2.27
109,activa,O,nogalera,25.848751,-103.124962,5.61
113,activa,O,nogalera,25.850418,-103.391914,4.46
122,activa,O,nogalera,25.841565,-103.099937,2.42
124,activa,O,nogalera,25.842127,-103.122373,20.09
125,activa,O,nogalera,25.840305,-103.138562,2.6
129,activa,N,no_es_nogalera,25.844814,-103.581852,3.8
133,activa,N,no_es_nogalera,25.840685,-103.37723,4.44
135,activa,U,dudosa,25.84516,-103.977665,8.02
136,activa,N,no_es_nogalera,25.836195,-103.25464,2.42
145,activa,O,nogalera,25.833649,-103.151085,3.5
147,activa,N,no_es_nogalera,25.832334,-103.136443,2.63
148,activa,N,no_es_nogalera,25.835534,-103.380742,3.73
149,activa,N,no_es_nogalera,25.841039,-103.982191,3.84
153,activa,N,no_es_nogalera,25.83704,-103.580897,5.78
154,activa,O,nogalera,25.834421,-103.362053,3.1
158,activa,O,nogalera,25.830281,-103.152434,1.93
161,activa,N,no_es_nogalera,25.838489,-103.985505,3.21
164,activa,O,nogalera,25.833154,-103.318328,77.56
165,activa,N,no_es_nogalera,25.826483,-103.09938,1.71
168,activa,N,no_es_nogalera,25.83491,-103.990225,2.44
170,activa,N,no_es_nogalera,25.82848,-103.351561,5.67
178,activa,O,nogalera,25.821811,-103.094218,3.13
179,activa,N,no_es_nogalera,25.821745,-103.113369,1.22
181,activa,U,dudosa,25.831178,-103.992402,6.95
184,activa,O,nogalera,25.82166,-103.110329,11.54
185,activa,N,no_es_nogalera,25.81875,-103.050634,2.42
186,activa,O,nogalera,25.819172,-103.102938,4.73
187,activa,N,no_es_nogalera,25.823025,-103.546798,2.41
188,activa,O,nogalera,25.818117,-103.115521,7.04
189,activa,O,nogalera,25.816669,-103.05361,2.12
190,activa,N,no_es_nogalera,25.818723,-103.261928,0.53
192,activa,O,nogalera,25.822907,-103.314333,27.47
193,activa,O,nogalera,25.816687,-103.1131,3.43
199,activa,O,nogalera,25.814697,-103.119764,2.07
201,activa,N,no_es_nogalera,25.817967,-103.316547,4.47
202,activa,N,no_es_nogalera,25.825592,-103.994195,8.3
208,activa,O,nogalera,25.808697,-102.991811,1.25
213,activa,O,nogalera,25.810677,-103.158323,5.41
214,activa,O,nogalera,25.807688,-102.997164,2.34
215,activa,N,no_es_nogalera,25.808868,-103.108886,2.77
216,activa,O,nogalera,25.807848,-103.159464,3.3
217,activa,O,nogalera,25.805404,-102.982144,9.82
218,activa,O,nogalera,25.805844,-102.971616,65.44
220,activa,O,nogalera,25.809995,-103.318056,12.23
222,activa,O,nogalera,25.804939,-103.108699,4.26
225,activa,O,nogalera,25.801798,-102.982504,4.28
230,activa,O,nogalera,25.801997,-103.101117,9.52
233,activa,O,nogalera,25.80332,-103.187058,9.28
234,activa,O,nogalera,25.801817,-103.111591,6.62
236,activa,O,nogalera,25.799656,-103.101603,3.11
239,activa,O,nogalera,25.802018,-103.209516,4.0
241,activa,O,nogalera,25.800511,-103.197123,5.57
242,activa,O,nogalera,25.800195,-103.182618,2.15
243,activa,O,nogalera,25.800493,-103.184758,3.59
246,activa,O,nogalera,25.798844,-102.94237,12.21
247,activa,O,nogalera,25.798278,-102.982514,21.64
250,activa,O,nogalera,25.799615,-102.971573,39.53
251,activa,O,nogalera,25.797593,-103.001521,8.8
252,activa,O,nogalera,25.795602,-102.988094,0.81
254,activa,O,nogalera,25.800119,-103.147966,26.4
255,activa,N,no_es_nogalera,25.799733,-103.316705,6.16
258,activa,O,nogalera,25.795801,-103.079578,1.15
259,activa,O,nogalera,25.797787,-103.188588,3.05
263,activa,O,nogalera,25.797377,-103.184656,3.39
264,activa,U,dudosa,25.796504,-103.205211,2.5
267,activa,O,nogalera,25.803765,-103.212083,49.98
268,activa,O,nogalera,25.799777,-102.95417,178.76
269,activa,O,nogalera,25.793824,-102.986777,23.15
270,activa,O,nogalera,25.793557,-102.935581,14.7
274,activa,U,dudosa,25.793156,-103.111977,1.19
275,activa,O,nogalera,25.791666,-102.9744,3.47
276,activa,N,no_es_nogalera,25.790653,-102.940816,2.38
277,activa,O,nogalera,25.791496,-102.933423,7.33
279,activa,O,nogalera,25.793017,-103.115121,3.68
280,activa,O,nogalera,25.791167,-103.003573,4.3
281,activa,N,no_es_nogalera,25.791129,-102.961796,3.39
282,activa,O,nogalera,25.791372,-103.045249,1.9
283,activa,O,nogalera,25.789295,-102.985657,3.38
285,activa,O,nogalera,25.790805,-103.083996,9.16
288,activa,O,nogalera,25.790215,-103.043124,4.79
289,activa,O,nogalera,25.788153,-102.971718,4.07
293,activa,O,nogalera,25.788027,-103.004972,9.14
294,activa,O,nogalera,25.787766,-102.960159,13.83
295,activa,O,nogalera,25.787116,-102.965305,4.29
296,activa,O,nogalera,25.791625,-102.952166,80.98
299,activa,O,nogalera,25.789365,-103.036956,25.67
300,activa,O,nogalera,25.785119,-103.006865,1.23
303,activa,O,nogalera,25.788494,-103.344286,1.97
311,activa,O,nogalera,25.787171,-103.269368,10.21
312,activa,O,nogalera,25.784202,-103.174237,2.21
317,activa,N,no_es_nogalera,25.779924,-103.033073,1.16
318,activa,O,nogalera,25.782725,-103.178847,8.46
320,activa,O,nogalera,25.779514,-102.9768,8.18
321,activa,O,nogalera,25.778717,-102.994211,4.3
322,activa,O,nogalera,25.779095,-103.002031,3.79
323,activa,O,nogalera,25.779425,-103.069921,12.87
325,activa,O,nogalera,25.780691,-103.083709,44.14
327,activa,O,nogalera,25.778842,-102.986981,14.66
328,activa,O,nogalera,25.777522,-102.995926,4.26
329,activa,U,dudosa,25.777482,-102.960634,9.55
330,activa,O,nogalera,25.777018,-102.975845,9.61
332,activa,O,nogalera,25.775895,-102.950442,4.75
333,activa,O,nogalera,25.775169,-102.946966,2.31
335,activa,O,nogalera,25.775158,-102.988189,3.14
337,activa,O,nogalera,25.774767,-102.944081,10.97
338,activa,O,nogalera,25.775556,-103.129604,1.94
339,activa,U,dudosa,25.772299,-102.938691,0.53
342,activa,O,nogalera,25.778803,-103.329664,9.41
344,activa,O,nogalera,25.774408,-103.117608,6.1
345,activa,O,nogalera,25.772282,-103.022034,3.78
346,activa,O,nogalera,25.774567,-103.230966,6.09
348,activa,U,dudosa,25.774872,-103.321493,1.67
349,activa,O,nogalera,25.77244,-102.974428,58.36
351,activa,O,nogalera,25.772875,-102.957174,51.9
352,activa,N,no_es_nogalera,25.771703,-103.114361,0.66
355,activa,O,nogalera,25.769155,-103.00454,2.97
356,activa,O,nogalera,25.771209,-102.996331,10.75
357,activa,O,nogalera,25.770119,-103.0123,6.14
361,activa,O,nogalera,25.77022,-103.111393,5.78
362,activa,O,nogalera,25.768918,-103.087737,3.81
368,activa,O,nogalera,25.765669,-102.955004,16.48
369,activa,U,dudosa,25.7659,-103.112359,1.7
370,activa,O,nogalera,25.765915,-103.120534,2.94
371,activa,O,nogalera,25.768509,-103.286737,5.55
372,activa,N,no_es_nogalera,25.764177,-103.046791,0.87
375,activa,O,nogalera,25.764556,-102.998287,9.58
376,activa,O,nogalera,25.766152,-103.076466,25.29
378,activa,O,nogalera,25.761651,-102.958113,15.78
379,activa,N,no_es_nogalera,25.764803,-103.218699,1.09
380,activa,N,no_es_nogalera,25.762649,-103.01063,3.23
382,activa,O,nogalera,25.766242,-103.233083,15.29
383,activa,N,no_es_nogalera,25.760707,-102.997355,1.32
384,activa,O,nogalera,25.761918,-103.046629,7.29
385,activa,U,dudosa,25.762976,-103.137677,2.8
387,activa,O,nogalera,25.759635,-102.962434,19.17
389,activa,O,nogalera,25.760675,-103.173351,3.8
396,activa,N,no_es_nogalera,25.76141,-103.356127,2.92
397,activa,O,nogalera,25.758227,-103.024011,3.6
398,activa,O,nogalera,25.760631,-103.296272,2.24
399,activa,O,nogalera,25.75796,-103.04764,4.46
402,activa,O,nogalera,25.756351,-103.035406,2.06
403,activa,O,nogalera,25.757647,-103.044555,5.44
405,activa,O,nogalera,25.761036,-103.235553,20.77
408,activa,O,nogalera,25.754794,-103.01714,3.41
409,activa,N,no_es_nogalera,25.75514,-103.022667,5.31
411,activa,O,nogalera,25.75367,-103.027426,3.78
413,activa,O,nogalera,25.753683,-103.092766,2.37
414,activa,O,nogalera,25.754787,-102.957882,141.14
415,activa,O,nogalera,25.755462,-103.309754,2.0
418,activa,O,nogalera,25.751304,-102.950865,5.3
422,activa,O,nogalera,25.749703,-102.997988,2.03
423,activa,O,nogalera,25.752776,-103.24679,3.97
424,activa,O,nogalera,25.750868,-103.023784,14.73
425,activa,O,nogalera,25.750324,-103.007098,16.97
426,activa,O,nogalera,25.747963,-102.999462,2.17
427,activa,O,nogalera,25.749022,-103.017535,8.05
428,activa,N,no_es_nogalera,25.759519,-103.897386,6.72
429,activa,U,dudosa,25.748748,-103.060848,1.39
430,activa,O,nogalera,25.753521,-103.317507,18.71
431,activa,O,nogalera,25.750716,-103.244328,2.41
434,activa,N,no_es_nogalera,25.750508,-103.334247,1.12
435,activa,N,no_es_nogalera,25.746783,-103.022157,2.62
437,activa,O,nogalera,25.746307,-103.010354,6.87
438,activa,O,nogalera,25.745989,-103.013499,6.08
440,activa,N,no_es_nogalera,25.754312,-103.925501,2.07
441,activa,O,nogalera,25.74529,-103.106754,2.84
442,activa,N,no_es_nogalera,25.743643,-103.013588,2.06
443,activa,O,nogalera,25.748341,-103.358002,3.35
444,activa,O,nogalera,25.744701,-103.082443,5.44
445,activa,O,nogalera,25.743433,-103.001581,3.21
446,activa,O,nogalera,25.747513,-103.313206,15.18
447,activa,O,nogalera,25.743759,-103.055597,4.38
449,activa,O,nogalera,25.742786,-102.94533,17.03
451,activa,O,nogalera,25.741477,-103.007046,4.53
456,activa,O,nogalera,25.739509,-102.930686,2.33
458,activa,O,nogalera,25.742657,-103.257355,1.83
459,activa,O,nogalera,25.740654,-103.093921,3.2
460,activa,O,nogalera,25.740419,-102.992462,9.82
461,activa,O,nogalera,25.739176,-102.99064,3.49
463,activa,U,dudosa,25.737475,-102.936801,0.85
465,activa,O,nogalera,25.737172,-102.944081,1.63
467,activa,O,nogalera,25.736259,-102.991885,2.59
468,activa,O,nogalera,25.738911,-102.99767,18.55
469,activa,O,nogalera,25.736295,-103.047596,0.56
471,activa,O,nogalera,25.734301,-102.935759,4.47
473,activa,U,dudosa,25.733618,-103.000051,4.82
474,activa,N,no_es_nogalera,25.732168,-102.947705,1.22
475,activa,O,nogalera,25.734668,-103.07802,5.33
478,activa,U,dudosa,25.735416,-103.132027,9.4
479,activa,O,nogalera,25.734283,-103.10369,4.39
480,activa,N,no_es_nogalera,25.732012,-103.001374,1.67
481,activa,O,nogalera,25.733124,-103.003498,12.21
482,activa,O,nogalera,25.734133,-102.96551,33.52
483,activa,O,nogalera,25.734602,-103.328787,4.9
484,activa,N,no_es_nogalera,25.733714,-103.283499,2.42
486,activa,O,nogalera,25.730439,-103.082473,3.56
487,activa,O,nogalera,25.731825,-103.220137,2.33
488,activa,N,no_es_nogalera,25.728006,-102.963123,0.66
489,activa,O,nogalera,25.733383,-103.332741,2.99
490,activa,O,nogalera,25.728098,-102.940749,2.67
491,activa,O,nogalera,25.727423,-102.921827,2.34
492,activa,O,nogalera,25.728238,-103.019176,2.93
498,activa,O,nogalera,25.731336,-103.296241,7.87
499,activa,N,no_es_nogalera,25.730018,-103.268702,2.12
502,activa,O,nogalera,25.727367,-103.008278,21.91
506,activa,O,nogalera,25.724788,-103.024365,4.35
507,activa,O,nogalera,25.729036,-103.27345,5.78
508,activa,O,nogalera,25.726364,-103.004209,21.62
511,activa,U,dudosa,25.724155,-103.020987,5.72
512,activa,O,nogalera,25.725389,-102.953452,36.96
514,activa,O,nogalera,25.723865,-103.029562,8.22
516,activa,O,nogalera,25.722983,-102.994699,5.32
521,activa,O,nogalera,25.7217,-103.003091,4.7
524,activa,O,nogalera,25.724482,-103.312385,3.77
527,activa,N,no_es_nogalera,25.724513,-103.354542,1.82
529,activa,O,nogalera,25.719955,-103.017469,4.98
531,activa,O,nogalera,25.721435,-103.026712,22.31
532,activa,O,nogalera,25.723029,-103.395475,7.31
534,activa,O,nogalera,25.717788,-102.997626,10.31
536,activa,U,dudosa,25.71716,-102.991358,2.77
542,activa,O,nogalera,25.714204,-102.925295,1.63
545,activa,O,nogalera,25.714525,-103.043119,1.11
547,activa,O,nogalera,25.717514,-103.40711,1.11
548,activa,O,nogalera,25.717453,-103.381099,6.06
550,activa,O,nogalera,25.719855,-103.386,18.53
551,activa,O,nogalera,25.716916,-103.345379,3.54
552,activa,O,nogalera,25.716458,-103.328941,4.15
553,activa,O,nogalera,25.716191,-103.373193,4.79
556,activa,O,nogalera,25.712627,-102.92871,25.44
559,activa,O,nogalera,25.714477,-103.373266,1.94
561,activa,O,nogalera,25.710489,-102.924363,18.48
563,activa,O,nogalera,25.713771,-103.362663,1.26
566,activa,O,nogalera,25.708934,-103.003603,2.34
568,activa,O,nogalera,25.714395,-103.378101,12.4
569,activa,U,dudosa,25.708843,-102.996978,3.46
571,activa,O,nogalera,25.713096,-103.354799,2.16
573,activa,O,nogalera,25.707661,-102.931736,4.86
574,activa,O,nogalera,25.713355,-103.365758,14.16
577,activa,N,no_es_nogalera,25.712801,-103.356647,4.71
579,activa,O,nogalera,25.70628,-103.004295,4.77
580,activa,O,nogalera,25.711147,-103.334197,10.5
583,activa,O,nogalera,25.706809,-103.026555,5.57
584,activa,O,nogalera,25.711479,-103.03146,113.75
585,activa,O,nogalera,25.707899,-103.043775,30.29
589,activa,U,dudosa,25.710765,-103.384478,4.58
590,activa,O,nogalera,25.704657,-102.914152,25.85
591,activa,N,no_es_nogalera,25.708339,-103.361242,1.57
594,activa,O,nogalera,25.708183,-103.323775,10.35
597,activa,O,nogalera,25.704428,-103.064407,4.39
598,activa,O,nogalera,25.706143,-103.326943,4.18
600,activa,O,nogalera,25.707694,-103.417256,10.67
604,activa,O,nogalera,25.70306,-103.056558,19.37
605,activa,O,nogalera,25.709947,-103.269939,71.84
606,activa,N,no_es_nogalera,25.701839,-103.029477,1.61
610,activa,O,nogalera,25.700677,-103.060632,1.82
611,activa,O,nogalera,25.699803,-103.005897,3.33
612,activa,O,nogalera,25.701762,-103.040538,7.96
613,activa,O,nogalera,25.703628,-103.35184,3.21
615,activa,O,nogalera,25.701563,-103.045871,19.98
617,activa,O,nogalera,25.698395,-103.015187,2.32
618,activa,O,nogalera,25.698559,-103.023902,2.01
620,activa,O,nogalera,25.698393,-103.038351,2.37
621,activa,O,nogalera,25.696381,-102.977012,1.15
623,activa,O,nogalera,25.702081,-103.272743,20.65
624,activa,N,no_es_nogalera,25.701641,-103.375882,2.27
627,activa,O,nogalera,25.703762,-103.416809,15.8
628,activa,O,nogalera,25.695998,-103.014828,9.93
630,activa,O,nogalera,25.694537,-102.926085,13.15
631,activa,N,no_es_nogalera,25.695978,-103.033359,4.19
635,activa,O,nogalera,25.699015,-103.399683,3.76
636,activa,O,nogalera,25.705153,-103.367016,56.11
639,activa,O,nogalera,25.696522,-103.394585,3.03
640,activa,O,nogalera,25.695505,-103.273984,8.51
644,activa,U,dudosa,25.690391,-103.027324,0.55
645,activa,O,nogalera,25.689639,-102.995357,1.3
649,activa,O,nogalera,25.689061,-102.928222,3.45
652,activa,O,nogalera,25.694745,-103.512188,3.05
657,activa,O,nogalera,25.693317,-103.423574,4.11
658,activa,O,nogalera,25.687858,-103.02363,2.23
661,activa,O,nogalera,25.694428,-103.598685,19.21
664,activa,O,nogalera,25.689909,-103.468058,2.42
666,activa,O,nogalera,25.68968,-103.471996,7.13
669,activa,O,nogalera,25.683624,-102.994511,57.24
673,activa,O,nogalera,25.685936,-103.336142,19.63
674,activa,O,nogalera,25.685411,-103.345565,4.08
676,activa,O,nogalera,25.686521,-103.459233,2.49
678,activa,O,nogalera,25.687296,-103.3288,64.86
679,activa,O,nogalera,25.6838,-103.445319,0.6
680,activa,O,nogalera,25.684145,-103.410343,4.22
681,activa,O,nogalera,25.683357,-103.441838,3.15
682,activa,N,no_es_nogalera,25.678573,-103.061588,1.16
684,activa,O,nogalera,25.675855,-102.967995,1.47
686,activa,O,nogalera,25.68148,-103.333315,7.02
687,activa,O,nogalera,25.675184,-102.942656,1.18
688,activa,O,nogalera,25.675168,-102.947886,2.2
691,activa,O,nogalera,25.680833,-103.429566,3.87
692,activa,O,nogalera,25.680034,-103.430872,2.13
695,activa,O,nogalera,25.672975,-102.939606,13.16
699,activa,O,nogalera,25.669527,-102.954357,4.17
701,activa,O,nogalera,25.663436,-102.970696,2.18
702,activa,O,nogalera,25.669761,-103.462288,2.53
703,activa,N,no_es_nogalera,25.669821,-103.823089,0.61
704,activa,U,dudosa,25.655761,-102.629241,3.46
706,activa,O,nogalera,25.665853,-103.561611,6.72
707,activa,O,nogalera,25.663049,-103.4297,2.2
710,activa,O,nogalera,25.662541,-103.564539,4.94
711,activa,O,nogalera,25.654628,-102.950827,1.19
713,activa,O,nogalera,25.658744,-103.411527,1.86
720,activa,N,no_es_nogalera,25.654716,-103.478269,2.15
723,activa,N,no_es_nogalera,25.655918,-103.494092,8.28
725,activa,O,nogalera,25.653125,-103.405376,13.12
726,activa,N,no_es_nogalera,25.651528,-103.493052,0.99
727,activa,N,no_es_nogalera,25.652363,-103.477751,9.26
728,activa,N,no_es_nogalera,25.650419,-103.477527,3.1
729,activa,U,dudosa,25.64659,-103.294459,1.82
730,activa,O,nogalera,25.649846,-103.411047,9.94
734,activa,O,nogalera,25.65133,-103.558298,22.07
736,activa,N,no_es_nogalera,25.643868,-103.566107,1.15
737,activa,O,nogalera,25.642948,-103.4581,4.11
740,activa,U,dudosa,25.637944,-103.445964,1.81
741,activa,O,nogalera,25.636544,-103.433234,1.06
742,activa,U,dudosa,25.63665,-103.443142,2.0
744,activa,N,no_es_nogalera,25.632968,-103.445032,3.19
745,activa,O,nogalera,25.633865,-103.568069,1.8
746,activa,O,nogalera,25.632896,-103.570521,1.11
747,activa,O,nogalera,25.631832,-103.427419,6.55
753,activa,N,no_es_nogalera,25.633326,-104.002685,3.01
754,activa,U,dudosa,25.626015,-103.310734,2.1
757,activa,O,nogalera,25.627776,-103.440718,20.92
758,activa,N,no_es_nogalera,25.61404,-102.594677,0.84
759,activa,O,nogalera,25.620386,-103.450373,1.22
761,activa,N,no_es_nogalera,25.625831,-104.002597,2.94
762,activa,O,nogalera,25.623624,-103.453518,57.58
771,activa,O,nogalera,25.616162,-103.45227,29.59
772,activa,N,no_es_nogalera,25.613156,-103.407749,2.14
777,activa,U,dudosa,25.60815,-103.276834,5.12
779,activa,N,no_es_nogalera,25.610965,-103.748631,4.66
784,activa,N,no_es_nogalera,25.603195,-103.270035,2.99
785,activa,O,nogalera,25.603774,-103.339422,3.94
786,activa,N,no_es_nogalera,25.600359,-103.259274,13.96
788,activa,N,no_es_nogalera,25.599576,-103.391899,1.81
791,activa,O,nogalera,25.596766,-103.374514,4.26
794,activa,O,nogalera,25.595851,-103.373431,0.94
800,activa,O,nogalera,25.594722,-103.373447,2.75
803,activa,U,dudosa,25.593082,-103.250917,12.72
804,activa,U,dudosa,25.591953,-103.304493,2.18
805,activa,O,nogalera,25.592397,-103.319519,8.29
806,activa,O,nogalera,25.591783,-103.317138,7.98
808,activa,N,no_es_nogalera,25.589758,-103.255993,10.4
810,activa,U,dudosa,25.595224,-103.983335,5.5
815,activa,O,nogalera,25.587692,-103.52347,3.32
816,activa,N,no_es_nogalera,25.577216,-102.724387,3.34
817,activa,O,nogalera,25.586088,-103.320453,8.47
820,activa,O,nogalera,25.585369,-103.521408,3.21
821,activa,N,no_es_nogalera,25.583672,-103.559459,1.67
822,activa,N,no_es_nogalera,25.579435,-103.257188,1.72
824,activa,O,nogalera,25.579309,-103.250421,3.64
826,activa,N,no_es_nogalera,25.58434,-103.734074,7.23
828,activa,N,no_es_nogalera,25.581379,-103.757302,6.21
831,activa,N,no_es_nogalera,25.581331,-103.978673,2.38
832,activa,N,no_es_nogalera,25.579883,-103.730288,3.91
833,activa,O,nogalera,25.574946,-103.336884,4.35
834,activa,N,no_es_nogalera,25.57869,-103.733287,4.04
835,activa,O,nogalera,25.575021,-103.331607,35.71
837,activa,N,no_es_nogalera,25.576681,-103.73072,3.31
839,activa,N,no_es_nogalera,25.575738,-103.715747,3.31
841,activa,N,no_es_nogalera,25.577147,-103.987271,4.66
845,activa,N,no_es_nogalera,25.569761,-103.271163,5.94
846,activa,N,no_es_nogalera,25.568387,-103.258144,2.74
847,activa,N,no_es_nogalera,25.567681,-103.274676,1.02
848,activa,N,no_es_nogalera,25.574743,-103.992219,2.0
850,activa,N,no_es_nogalera,25.567702,-103.253625,7.18
852,activa,N,no_es_nogalera,25.566341,-103.193579,2.54
856,activa,O,nogalera,25.565218,-103.227286,3.03
857,activa,O,nogalera,25.56424,-103.285326,2.51
859,activa,O,nogalera,25.56695,-103.328434,20.03
867,activa,N,no_es_nogalera,25.562477,-103.235736,5.54
869,activa,U,dudosa,25.56234,-103.277291,3.68
870,activa,N,no_es_nogalera,25.561105,-103.186342,6.9
875,activa,O,nogalera,25.560737,-103.196698,11.31
877,activa,N,no_es_nogalera,25.561588,-103.251972,6.92
878,activa,N,no_es_nogalera,25.560035,-103.231642,6.71
879,activa,N,no_es_nogalera,25.560958,-103.282635,7.5
880,activa,N,no_es_nogalera,25.558701,-103.192648,3.51
881,activa,N,no_es_nogalera,25.558259,-103.186087,9.65
884,activa,O,nogalera,25.559489,-103.351131,7.26
885,activa,O,nogalera,25.561494,-103.364888,39.17
889,activa,N,no_es_nogalera,25.557437,-103.282636,2.23
893,activa,U,dudosa,25.555438,-103.18792,4.92
895,activa,N,no_es_nogalera,25.556607,-103.217013,9.38
897,activa,N,no_es_nogalera,25.55464,-103.275062,2.3
898,activa,N,no_es_nogalera,25.55534,-103.224147,11.47
899,activa,N,no_es_nogalera,25.552943,-103.288173,2.15
901,activa,O,nogalera,25.552866,-103.277725,3.54
906,activa,N,no_es_nogalera,25.552647,-103.309276,3.61
908,activa,N,no_es_nogalera,25.551236,-103.243166,4.14
911,activa,N,no_es_nogalera,25.552087,-103.446177,1.27
914,activa,N,no_es_nogalera,25.550773,-103.287906,3.42
917,activa,O,nogalera,25.550356,-103.24502,3.53
923,activa,N,no_es_nogalera,25.548127,-103.27018,2.23
924,activa,N,no_es_nogalera,25.549988,-103.290256,7.99
926,activa,U,dudosa,25.549417,-103.280063,10.49
929,activa,N,no_es_nogalera,25.547239,-103.252379,2.21
930,activa,O,nogalera,25.547621,-103.284666,3.33
935,activa,N,no_es_nogalera,25.545501,-103.254295,3.56
936,activa,N,no_es_nogalera,25.547181,-103.486348,1.56
937,activa,O,nogalera,25.545323,-103.269673,10.4
938,activa,U,dudosa,25.548207,-103.515943,4.79
945,activa,N,no_es_nogalera,25.544375,-103.258292,3.63
950,activa,U,dudosa,25.542361,-103.267327,2.51
951,activa,N,no_es_nogalera,25.543767,-103.432153,2.31
952,activa,N,no_es_nogalera,25.543144,-103.471371,2.32
955,activa,N,no_es_nogalera,25.539563,-103.203732,2.53
959,activa,N,no_es_nogalera,25.540063,-103.2188,3.93
962,activa,U,dudosa,25.53721,-103.199588,2.06
963,activa,N,no_es_nogalera,25.538461,-103.273453,1.8
964,activa,N,no_es_nogalera,25.536695,-103.19069,0.52
967,activa,N,no_es_nogalera,25.539711,-103.432753,3.89
971,activa,N,no_es_nogalera,25.536457,-103.295025,1.5
977,activa,N,no_es_nogalera,25.529821,-103.121543,0.51
985,activa,N,no_es_nogalera,25.527647,-103.124512,1.37
990,activa,N,no_es_nogalera,25.528237,-103.204,3.59
998,activa,M,nogalera_mixta,25.529382,-103.446271,13.82
999,activa,N,no_es_nogalera,25.524361,-103.146451,2.24
1000,activa,O,nogalera,25.527491,-103.503063,1.32
1002,activa,N,no_es_nogalera,25.522886,-103.161995,5.15
1004,activa,N,no_es_nogalera,25.524493,-103.330167,8.13
1007,activa,U,dudosa,25.524074,-103.301518,4.64
1010,activa,N,no_es_nogalera,25.523089,-103.41088,0.78
1012,activa,N,no_es_nogalera,25.520494,-103.162031,2.64
1015,activa,N,no_es_nogalera,25.520664,-103.303307,2.54
1017,activa,N,no_es_nogalera,25.520495,-103.343754,4.68
1019,activa,N,no_es_nogalera,25.520857,-103.446878,2.77
1020,activa,N,no_es_nogalera,25.519931,-103.411021,1.35
1021,activa,N,no_es_nogalera,25.521018,-103.407276,3.08
1023,activa,N,no_es_nogalera,25.517026,-103.162631,2.71
1024,activa,N,no_es_nogalera,25.521543,-103.604878,1.46
1033,activa,N,no_es_nogalera,25.515222,-103.162758,1.13
1034,activa,N,no_es_nogalera,25.515193,-103.160421,1.6
1037,activa,U,dudosa,25.517795,-103.599947,4.1
1038,activa,N,no_es_nogalera,25.518115,-103.668201,2.22
1042,activa,N,no_es_nogalera,25.517124,-103.605377,4.21
1045,activa,N,no_es_nogalera,25.518911,-103.968455,2.38
1046,activa,N,no_es_nogalera,25.518823,-103.975322,2.14
1050,activa,O,nogalera,25.514542,-103.590283,7.73
1054,activa,N,no_es_nogalera,25.516481,-103.976088,2.0
1056,activa,N,no_es_nogalera,25.51285,-103.342317,7.13
1058,activa,N,no_es_nogalera,25.51093,-103.54411,2.29
1061,activa,N,no_es_nogalera,25.51253,-103.597073,7.5
1064,activa,N,no_es_nogalera,25.510642,-103.583812,1.51
1071,activa,U,dudosa,25.508814,-103.581446,1.02
1074,activa,N,no_es_nogalera,25.505684,-103.343311,2.6
1076,activa,O,nogalera,25.509021,-103.706359,3.83
1080,activa,N,no_es_nogalera,25.507107,-103.596439,0.82
1083,activa,N,no_es_nogalera,25.501789,-103.121432,2.26
1087,activa,O,nogalera,25.506175,-103.574711,1.88
1088,activa,M,nogalera_mixta,25.508923,-103.602189,15.88
1092,activa,O,nogalera,25.508312,-103.553246,40.62
1093,activa,N,no_es_nogalera,25.50512,-103.52289,1.24
1095,activa,O,nogalera,25.506191,-103.623611,7.1
1096,activa,N,no_es_nogalera,25.503049,-103.341855,2.56
1098,activa,O,nogalera,25.506128,-103.542378,6.47
1099,activa,N,no_es_nogalera,25.504296,-103.517279,1.66
1102,activa,O,nogalera,25.504767,-103.569157,2.79
1107,activa,O,nogalera,25.505258,-103.545671,8.38
1109,activa,O,nogalera,25.504956,-103.65596,6.73
1111,activa,N,no_es_nogalera,25.501605,-103.423748,1.44
1114,activa,M,nogalera_mixta,25.505758,-103.606404,26.31
1115,activa,N,no_es_nogalera,25.504409,-103.726108,3.07
1116,activa,N,no_es_nogalera,25.502518,-103.626638,1.09
1122,activa,O,nogalera,25.504371,-103.63174,27.33
1123,activa,U,dudosa,25.501283,-103.28642,12.41
1127,activa,N,no_es_nogalera,25.50014,-103.623431,1.83
1128,activa,N,no_es_nogalera,25.499818,-103.599011,2.0
1130,activa,N,no_es_nogalera,25.499262,-103.597476,0.5
1132,activa,N,no_es_nogalera,25.499127,-103.630954,2.33
1133,activa,O,nogalera,25.499444,-103.655474,3.7
1135,activa,N,no_es_nogalera,25.497779,-103.598189,1.01
1136,activa,N,no_es_nogalera,25.50036,-103.732966,3.23
1137,activa,N,no_es_nogalera,25.497493,-103.601276,1.0
1140,activa,O,nogalera,25.495848,-103.637607,1.64
1142,activa,O,nogalera,25.494921,-103.634981,10.85
1144,activa,N,no_es_nogalera,25.489567,-103.234863,4.29
1145,activa,N,no_es_nogalera,25.491927,-103.652921,1.2
1147,activa,N,no_es_nogalera,25.498174,-103.972861,11.33
1148,activa,N,no_es_nogalera,25.492058,-103.637799,3.18
1150,activa,O,nogalera,25.489857,-103.683534,1.0
1153,activa,O,nogalera,25.489565,-103.646482,5.14
1154,activa,N,no_es_nogalera,25.487941,-103.656398,4.2
1156,activa,O,nogalera,25.487104,-103.729722,3.62
1157,activa,O,nogalera,25.486897,-103.646014,3.55
1158,activa,N,no_es_nogalera,25.484817,-103.650564,2.87
1161,activa,O,nogalera,25.481664,-103.727044,3.24
1164,activa,O,nogalera,25.480885,-103.679852,4.48
1166,activa,N,no_es_nogalera,25.479982,-103.659868,2.03
1169,activa,O,nogalera,25.480303,-103.715967,5.11
1172,activa,N,no_es_nogalera,25.478428,-103.697883,1.77
1173,activa,N,no_es_nogalera,25.47756,-103.661586,1.03
1175,activa,O,nogalera,25.477887,-103.739269,3.64
1177,activa,N,no_es_nogalera,25.47745,-103.720076,1.1
1178,activa,N,no_es_nogalera,25.477152,-103.656518,3.58
1181,activa,O,nogalera,25.475113,-103.705876,3.67
1182,activa,U,dudosa,25.47509,-103.677976,7.11
1183,activa,M,nogalera_mixta,25.477181,-103.664574,50.85
1186,activa,N,no_es_nogalera,25.472216,-103.710085,2.42
1187,activa,U,dudosa,25.471323,-103.670756,1.6
1188,activa,U,dudosa,25.470975,-103.707612,1.08
1192,activa,N,no_es_nogalera,25.469423,-103.700566,1.65
1193,activa,N,no_es_nogalera,25.469708,-103.686937,3.69
1198,activa,O,nogalera,25.468233,-103.698739,1.74
1199,activa,N,no_es_nogalera,25.467949,-103.6973,1.04
1200,activa,U,dudosa,25.467582,-103.691535,3.89
1203,activa,N,no_es_nogalera,25.468783,-103.679487,6.89
1205,activa,N,no_es_nogalera,25.467969,-103.751457,2.06
1207,activa,N,no_es_nogalera,25.46725,-103.694821,6.1
1209,activa,N,no_es_nogalera,25.466207,-103.70453,1.46
1212,activa,O,nogalera,25.464273,-103.679934,1.91
1215,activa,O,nogalera,25.462092,-103.658525,1.15
1218,activa,O,nogalera,25.46334,-103.701925,7.54
1221,activa,N,no_es_nogalera,25.462987,-103.707946,6.02
1222,activa,U,dudosa,25.46413,-103.714697,13.69
1225,activa,N,no_es_nogalera,25.461644,-103.719497,4.26
1226,activa,N,no_es_nogalera,25.461993,-103.697613,2.36
1229,activa,U,dudosa,25.459291,-103.713803,2.05
1232,activa,N,no_es_nogalera,25.458374,-103.717344,1.49
1236,activa,N,no_es_nogalera,25.45785,-103.729682,5.12
1237,activa,N,no_es_nogalera,25.456766,-103.7193,2.69
1238,activa,O,nogalera,25.455192,-103.694354,2.2
1241,activa,N,no_es_nogalera,25.453985,-103.731761,3.49
1242,activa,O,nogalera,25.452389,-103.693887,4.07
1245,activa,N,no_es_nogalera,25.450779,-103.747408,2.16
1251,activa,O,nogalera,25.446756,-103.705185,11.92
1252,activa,O,nogalera,25.443255,-103.743956,1.26
1253,activa,N,no_es_nogalera,25.443467,-103.737042,3.68
1254,activa,O,nogalera,25.440977,-103.669797,4.05
1257,activa,N,no_es_nogalera,25.439704,-103.740462,2.33
1261,activa,O,nogalera,25.442855,-103.755296,79.78
1263,activa,N,no_es_nogalera,25.435114,-103.74757,2.54
1264,activa,O,nogalera,25.434247,-103.751755,7.05
1266,activa,N,no_es_nogalera,25.436429,-103.737613,38.63
1267,activa,O,nogalera,25.422706,-103.171321,8.55
1268,activa,N,no_es_nogalera,25.426662,-103.751684,3.94
1270,activa,N,no_es_nogalera,25.425734,-103.743441,1.57
1271,activa,N,no_es_nogalera,25.426598,-103.738908,6.26
1273,activa,O,nogalera,25.424523,-103.739129,0.79
1274,activa,O,nogalera,25.425897,-103.321388,135.59
1275,activa,O,nogalera,25.42355,-103.752015,3.6
1277,activa,N,no_es_nogalera,25.422728,-103.74566,1.33
1281,activa,N,no_es_nogalera,25.411044,-102.977128,6.25
1285,activa,N,no_es_nogalera,25.417519,-103.743576,1.85
1286,activa,M,nogalera_mixta,25.417358,-103.745914,47.26
1287,activa,M,nogalera_mixta,25.416674,-103.739857,68.3
1291,activa,N,no_es_nogalera,25.405907,-103.737284,8.29
1292,activa,O,nogalera,25.398863,-103.306108,7.04
1293,activa,O,nogalera,25.402757,-103.738411,7.66
1294,activa,M,nogalera_mixta,25.399111,-103.734423,18.01
1296,activa,N,no_es_nogalera,25.398013,-103.737963,9.68
1300,activa,N,no_es_nogalera,25.390226,-103.430863,1.4
1301,activa,O,nogalera,25.387303,-103.440442,1.66
1302,activa,N,no_es_nogalera,25.390445,-103.73993,2.74
1304,activa,O,nogalera,25.393778,-103.744319,67.98
1305,activa,N,no_es_nogalera,25.385517,-103.446577,2.09
1307,activa,N,no_es_nogalera,25.386138,-103.646444,2.68
1308,activa,N,no_es_nogalera,25.383658,-103.45003,2.32
1312,activa,N,no_es_nogalera,25.383123,-103.74428,1.34
1320,activa,N,no_es_nogalera,25.376283,-103.746885,2.95
1321,activa,N,no_es_nogalera,25.365366,-102.934819,0.68
1324,activa,O,nogalera,25.370337,-103.310233,6.09
1327,activa,N,no_es_nogalera,25.36658,-103.444434,2.25
1328,activa,O,nogalera,25.361096,-103.253377,1.86
1330,activa,O,nogalera,25.358026,-103.253321,2.32
1331,activa,N,no_es_nogalera,25.361428,-103.741374,2.44
1334,activa,N,no_es_nogalera,25.357805,-103.740021,3.19
1336,activa,N,no_es_nogalera,25.349769,-103.740054,1.89
1339,activa,M,nogalera_mixta,25.345163,-103.739903,4.88
1341,activa,N,no_es_nogalera,25.339245,-103.739468,5.72
1342,activa,N,no_es_nogalera,25.328646,-103.74072,5.11
1343,activa,N,no_es_nogalera,25.317219,-103.412932,3.22
1345,activa,O,nogalera,25.30811,-103.736065,17.73
1349,activa,N,no_es_nogalera,25.285244,-102.743319,3.86
1356,activa,O,nogalera,25.288062,-103.980696,12.48
1357,activa,N,no_es_nogalera,25.287206,-103.994112,0.77
1358,activa,N,no_es_nogalera,25.287078,-103.97554,1.22
1359,activa,N,no_es_nogalera,25.287309,-104.002702,1.24
1360,activa,N,no_es_nogalera,25.286076,-103.980812,1.02
1361,activa,O,nogalera,25.285474,-104.005051,1.22
1363,activa,N,no_es_nogalera,25.283684,-103.789749,3.14
1366,activa,O,nogalera,25.284511,-103.976505,7.24
1367,activa,N,no_es_nogalera,25.283451,-103.799931,24.98
1371,activa,O,nogalera,25.28348,-103.984012,6.26
1376,activa,O,nogalera,25.280005,-103.977834,1.62
1378,activa,N,no_es_nogalera,25.279655,-103.966366,2.57
1384,activa,N,no_es_nogalera,25.28292,-103.968374,20.22
1387,activa,O,nogalera,25.278289,-103.990809,4.28
1388,activa,N,no_es_nogalera,25.277445,-104.006159,1.24
1393,activa,N,no_es_nogalera,25.276637,-103.97384,5.41
1397,activa,N,no_es_nogalera,25.27577,-104.005528,1.94
1398,activa,N,no_es_nogalera,25.274905,-103.896542,3.9
1399,activa,N,no_es_nogalera,25.275026,-103.956573,2.81
1400,activa,N,no_es_nogalera,25.275226,-103.934078,2.49
1401,activa,N,no_es_nogalera,25.2745,-103.958862,1.23
1404,activa,M,nogalera_mixta,25.274927,-103.974748,7.16
1408,activa,N,no_es_nogalera,25.273484,-103.899683,3.71
1409,activa,O,nogalera,25.274005,-103.96552,3.7
1413,activa,N,no_es_nogalera,25.273432,-103.986976,2.54
1414,activa,N,no_es_nogalera,25.273063,-104.005798,3.28
1418,activa,N,no_es_nogalera,25.272224,-103.98207,2.48
1420,activa,N,no_es_nogalera,25.272258,-103.98053,1.73
1421,activa,M,nogalera_mixta,25.278736,-103.996863,94.25
1422,activa,U,dudosa,25.271435,-103.978899,1.67
1423,activa,O,nogalera,25.271907,-103.975469,5.79
1425,activa,U,dudosa,25.270788,-103.989878,5.99
1427,activa,N,no_es_nogalera,25.270285,-103.969375,1.32
1429,activa,M,nogalera_mixta,25.27036,-103.745791,16.94
1432,activa,N,no_es_nogalera,25.269227,-103.966603,1.43
1437,activa,N,no_es_nogalera,25.271123,-103.910032,25.97
1439,activa,O,nogalera,25.268488,-103.977185,2.96
1445,activa,O,nogalera,25.267484,-103.969101,3.73
1446,activa,N,no_es_nogalera,25.269281,-103.942323,14.39
1449,activa,N,no_es_nogalera,25.266388,-103.929389,3.2
1454,activa,M,nogalera_mixta,25.267777,-103.985434,16.98
1455,activa,N,no_es_nogalera,25.266007,-103.984009,1.19
1457,activa,N,no_es_nogalera,25.266122,-103.981128,2.18
1459,activa,O,nogalera,25.265406,-103.975523,4.42
1460,activa,N,no_es_nogalera,25.265299,-103.856362,4.22
1463,activa,N,no_es_nogalera,25.264613,-103.984914,2.14
1466,activa,M,nogalera_mixta,25.267462,-104.005446,18.34
1468,activa,M,nogalera_mixta,25.266339,-103.992943,26.42
1473,activa,N,no_es_nogalera,25.263913,-103.887704,7.82
1481,activa,N,no_es_nogalera,25.25494,-103.825083,28.2
1482,activa,N,no_es_nogalera,25.253054,-103.815024,52.32
1483,activa,N,no_es_nogalera,25.237953,-103.477742,2.18
1484,activa,N,no_es_nogalera,25.240179,-103.775388,4.13
1486,activa,N,no_es_nogalera,25.242829,-103.768262,34.1
1488,activa,N,no_es_nogalera,25.24038,-103.788838,105.94
1492,activa,O,nogalera,25.223037,-103.771638,37.35
1495,activa,N,no_es_nogalera,25.21614,-103.863225,2.02
1498,activa,O,nogalera,25.208797,-103.76935,3.92
1499,activa,O,nogalera,25.206565,-103.76699,1.93
1500,activa,O,nogalera,25.205965,-103.776326,1.61
1501,activa,O,nogalera,25.205327,-103.770179,2.25
1506,activa,N,no_es_nogalera,25.200927,-103.673757,4.71
1508,activa,N,no_es_nogalera,25.194575,-103.670204,2.94
1517,activa,N,no_es_nogalera,25.144394,-103.104328,2.52
1520,perdida,N,no_es_nogalera,26.21598,-103.358947,0.81
1522,perdida,X,excluir,26.101045,-103.965401,4.91
1523,perdida,U,dudosa,26.061845,-103.938405,10.15
1524,perdida,N,no_es_nogalera,26.054519,-103.888792,1.86
1526,perdida,N,no_es_nogalera,26.041857,-103.707163,0.95
1528,perdida,N,no_es_nogalera,26.009039,-103.748238,9.66
1529,perdida,N,no_es_nogalera,25.987239,-103.87504,4.55
1531,perdida,L,nogalera_perdida,25.949894,-103.370843,0.82
1532,perdida,U,dudosa,25.950368,-103.663924,1.53
1533,perdida,N,no_es_nogalera,25.948154,-103.66375,1.4
1534,perdida,N,no_es_nogalera,25.911514,-103.872765,2.92
1535,perdida,N,no_es_nogalera,25.90918,-103.711858,1.32
1538,perdida,N,no_es_nogalera,25.891736,-103.69952,1.02
1544,perdida,N,no_es_nogalera,25.838068,-103.983464,0.94
1545,perdida,L,nogalera_perdida,25.798142,-102.975985,10.68
1546,perdida,L,nogalera_perdida,25.792271,-102.975736,4.07
1548,perdida,L,nogalera_perdida,25.789464,-102.975086,2.41
1549,perdida,L,nogalera_perdida,25.790629,-103.077517,3.34
1550,perdida,L,nogalera_perdida,25.789797,-103.076035,0.81
1551,perdida,L,nogalera_perdida,25.783253,-103.065871,1.7
1552,perdida,L,nogalera_perdida,25.783091,-103.074049,0.92
1553,perdida,L,nogalera_perdida,25.782859,-103.070214,1.15
1554,perdida,L,nogalera_perdida,25.782123,-103.06918,4.12
1556,perdida,L,nogalera_perdida,25.78116,-103.078268,11.85
1558,perdida,N,no_es_nogalera,25.776249,-102.982189,0.85
1559,perdida,U,dudosa,25.777196,-103.184265,1.4
1560,perdida,N,no_es_nogalera,25.774605,-103.290838,1.13
1562,perdida,L,nogalera_perdida,25.768423,-103.329809,4.07
1563,perdida,N,no_es_nogalera,25.763099,-103.29499,0.87
1565,perdida,L,nogalera_perdida,25.7532,-102.9606,1.31
1566,perdida,L,nogalera_perdida,25.758254,-103.297602,12.34
1567,perdida,L,nogalera_perdida,25.751038,-102.964126,1.11
1570,perdida,L,nogalera_perdida,25.740772,-102.995098,9.18
1573,perdida,L,nogalera_perdida,25.733058,-102.982321,1.05
1574,perdida,N,no_es_nogalera,25.731667,-102.937798,0.89
1576,perdida,U,dudosa,25.733123,-103.306232,1.65
1577,perdida,N,no_es_nogalera,25.732368,-103.30734,0.82
1578,perdida,L,nogalera_perdida,25.727182,-102.939769,2.81
1579,perdida,N,no_es_nogalera,25.730657,-103.335122,0.83
1581,perdida,L,nogalera_perdida,25.728665,-103.299419,2.74
1584,perdida,N,no_es_nogalera,25.7195,-103.003975,1.57
1585,perdida,N,no_es_nogalera,25.717433,-103.004607,0.89
1587,perdida,U,dudosa,25.718472,-103.35921,2.07
1588,perdida,U,dudosa,25.696727,-102.97596,1.2
1589,perdida,L,nogalera_perdida,25.694802,-102.964087,0.96
1593,perdida,L,nogalera_perdida,25.685925,-103.458344,1.08
1594,perdida,L,nogalera_perdida,25.685095,-103.431354,5.72
1595,perdida,L,nogalera_perdida,25.678187,-103.385665,7.01
1596,perdida,L,nogalera_perdida,25.672276,-102.950874,2.82
1597,perdida,L,nogalera_perdida,25.677145,-103.381246,3.22
1599,perdida,U,dudosa,25.669975,-102.950963,1.37
1600,perdida,N,no_es_nogalera,25.668643,-102.95248,1.35
1604,perdida,L,nogalera_perdida,25.659698,-103.412062,1.1
1606,perdida,N,no_es_nogalera,25.654829,-103.416759,0.86
1607,perdida,L,nogalera_perdida,25.656245,-103.409966,5.76
1608,perdida,N,no_es_nogalera,25.65387,-103.415725,0.89
1609,perdida,U,dudosa,25.653567,-103.412841,5.52
1610,perdida,N,no_es_nogalera,25.650223,-103.412487,0.91
1612,perdida,L,nogalera_perdida,25.637421,-103.526196,6.24
1613,perdida,N,no_es_nogalera,25.605596,-102.880037,0.97
1614,perdida,N,no_es_nogalera,25.604194,-102.882949,5.45
1615,perdida,X,excluir,25.612847,-104.005394,0.91
1616,perdida,L,nogalera_perdida,25.599517,-103.545777,1.03
1617,perdida,L,nogalera_perdida,25.594813,-103.317594,2.57
1618,perdida,L,nogalera_perdida,25.594433,-103.323821,1.29
1620,perdida,L,nogalera_perdida,25.592218,-103.520129,7.67
1621,perdida,N,no_es_nogalera,25.58228,-103.287906,0.81
1623,perdida,N,no_es_nogalera,25.580567,-103.288029,1.72
1624,perdida,L,nogalera_perdida,25.575477,-103.324086,2.3
1628,perdida,N,no_es_nogalera,25.563683,-103.280208,0.94
1629,perdida,N,no_es_nogalera,25.561465,-103.279692,1.73
1630,perdida,L,nogalera_perdida,25.557456,-103.346978,1.13
1631,perdida,L,nogalera_perdida,25.552676,-103.254092,1.05
1633,perdida,L,nogalera_perdida,25.55112,-103.248541,4.04
1634,perdida,N,no_es_nogalera,25.546715,-103.220095,0.9
1635,perdida,N,no_es_nogalera,25.547269,-103.206354,2.3
1636,perdida,N,no_es_nogalera,25.553619,-103.979854,1.27
1639,perdida,N,no_es_nogalera,25.538848,-103.271855,0.94
1646,perdida,N,no_es_nogalera,25.480173,-103.742677,0.92
1647,perdida,L,nogalera_perdida,25.469754,-103.707426,1.54
1648,perdida,U,dudosa,25.469225,-103.750599,1.22
1650,perdida,N,no_es_nogalera,25.465931,-103.698764,1.02
1653,perdida,L,nogalera_perdida,25.461765,-103.68215,8.26
1654,perdida,L,nogalera_perdida,25.460986,-103.69101,3.48
1657,perdida,L,nogalera_perdida,25.460952,-103.687231,9.38
1658,perdida,L,nogalera_perdida,25.458739,-103.682033,1.41
1659,perdida,N,no_es_nogalera,25.458636,-103.690687,1.17
1660,perdida,U,dudosa,25.452316,-103.752961,0.88
1661,perdida,L,nogalera_perdida,25.451864,-103.737054,1.15
1662,perdida,L,nogalera_perdida,25.45162,-103.734918,0.93
1663,perdida,N,no_es_nogalera,25.428376,-103.684253,1.18
1665,perdida,N,no_es_nogalera,25.410996,-103.255094,1.24
1672,perdida,X,excluir,25.27669,-104.008003,3.39
1673,perdida,X,excluir,25.266259,-104.007839,5.56
1674,perdida,N,no_es_nogalera,25.256103,-103.930571,1.07
1675,perdida,N,no_es_nogalera,25.234258,-103.726555,0.87
