id,estado,area_m2,largo_m,ancho_m,municipio,cerca_de,lat,lon,precio_m2_min,precio_m2,precio_m2_max,valor_min,valor,valor_max,dist_ref_km,confianza,grupo,grupo_m2
1,activa,17839,170,140,Torreón,La Paz,25.595333,-103.375081,620,950,1420,11000000,17000000,25000000,1.9,alta,1,98220
2,activa,43011,331,178,Torreón,La Paz,25.596766,-103.374514,570,870,1300,24000000,37000000,56000000,1.9,alta,1,98220
3,activa,9516,147,84,Torreón,La Paz,25.595851,-103.373431,640,990,1480,6100000,9400000,14000000,2.0,alta,1,98220
4,activa,27854,359,131,Torreón,La Paz,25.59469,-103.373494,600,930,1390,17000000,26000000,39000000,2.0,alta,1,98220
5,activa,66305,432,197,Gómez Palacio,San Sebastián,25.63183,-103.42742,240,380,560,16000000,25000000,37000000,4.9,alta,,
6,activa,395416,1139,514,Torreón,La Paz,25.561434,-103.364754,440,670,1010,170000000,270000000,400000000,5.3,alta,,
7,activa,7873,110,100,Torreón,Santa Fé,25.557202,-103.367636,640,980,1470,5000000,7700000,12000000,5.5,media,,
8,activa,101424,741,262,Gómez Palacio,San José de Viñedo,25.649718,-103.411066,190,290,440,19000000,29000000,44000000,5.6,alta,,
9,activa,134071,923,279,Gómez Palacio,San José de Viñedo,25.653072,-103.405296,200,300,460,26000000,41000000,61000000,5.8,alta,,
10,activa,39897,321,176,Torreón,El Perú,25.603768,-103.339424,580,890,1340,23000000,36000000,53000000,5.3,alta,,
11,activa,10779,140,100,Gómez Palacio,Aquiles Serdán,25.636536,-103.433234,250,390,590,2700000,4200000,6300000,5.6,alta,,
12,activa,20122,224,142,Torreón,El Perú,25.606401,-103.337792,560,860,1300,11000000,17000000,26000000,5.5,alta,,
13,activa,210859,556,439,Gómez Palacio,Aquiles Serdán,25.627667,-103.440574,240,360,550,50000000,77000000,110000000,5.6,alta,,
14,desmontada,58678,411,380,Gómez Palacio,San José de Viñedo,25.656254,-103.409967,155,240,360,9200000,14000000,21000000,6.3,alta,,
15,activa,73070,330,320,Torreón,Santa Fé,25.559722,-103.351103,540,830,1250,39000000,61000000,91000000,6.2,alta,,
16,activa,18982,255,120,Gómez Palacio,San José de Viñedo,25.658743,-103.411522,185,280,420,3500000,5400000,8000000,6.6,alta,,
17,activa,12505,204,88,Gómez Palacio,Los Olivos Fraccionamiento,25.620297,-103.450268,420,650,970,5300000,8100000,12000000,6.2,alta,13,325335
18,activa,14183,210,100,Gómez Palacio,Los Olivos Fraccionamiento,25.61984,-103.450722,430,650,980,6000000,9300000,14000000,6.2,alta,13,325335
19,desmontada,11297,197,93,Gómez Palacio,San José de Viñedo,25.65965,-103.41244,165,260,390,1900000,2900000,4400000,6.7,alta,,
20,activa,43722,247,213,Torreón,Santa Fé,25.57495,-103.336883,520,790,1190,23000000,35000000,52000000,6.3,alta,,
21,activa,20176,160,150,Gómez Palacio,Aquiles Serdán,25.636652,-103.443142,320,490,730,6400000,9800000,15000000,6.4,media,,
22,activa,298647,770,494,Gómez Palacio,Los Olivos Fraccionamiento,25.616118,-103.452368,340,520,790,100000000,160000000,230000000,6.2,alta,13,325335
23,desmontada,11442,160,90,Torreón,Santa Fé,25.557456,-103.346978,660,1020,1530,7600000,12000000,17000000,6.7,alta,,
24,activa,578981,994,931,Gómez Palacio,Los Olivos Fraccionamiento,25.623614,-103.453517,310,480,730,180000000,280000000,420000000,6.6,alta,,
25,activa,361456,1176,433,Torreón,Santa Fé,25.574961,-103.331108,440,680,1020,160000000,250000000,370000000,6.8,alta,,
26,desmontada,13117,140,130,Torreón,La Palma,25.594432,-103.323817,560,870,1300,7400000,11000000,17000000,6.9,alta,,
27,activa,6915,170,60,Torreón,Santa Fé,25.572663,-103.328654,670,1040,1550,4700000,7200000,11000000,7.2,media,,
28,activa,22081,170,140,Gómez Palacio,San Sebastián,25.663049,-103.4297,150,230,340,3300000,5100000,7600000,7.8,alta,,
29,activa,202510,800,527,Torreón,Santa Fé,25.566906,-103.328475,480,740,1100,97000000,150000000,220000000,7.5,alta,,
30,desmontada,23357,310,112,Torreón,Santa Fé,25.575473,-103.324085,520,800,1190,12000000,19000000,28000000,7.4,alta,,
31,activa,83479,650,169,Torreón,La Palma,25.592397,-103.319519,410,640,960,35000000,53000000,80000000,7.4,alta,,
32,activa,85495,722,168,Torreón,La Partida,25.586083,-103.320455,350,550,820,30000000,47000000,70000000,7.4,alta,,
33,desmontada,26366,426,145,Torreón,La Palma,25.594853,-103.31762,470,730,1090,12000000,19000000,29000000,7.5,alta,,
34,activa,7292,160,60,Gómez Palacio,El Compás,25.676998,-103.383697,180,280,420,1300000,2000000,3100000,8.4,media,,
35,activa,80492,600,187,Torreón,La Partida,25.591788,-103.317143,390,600,890,31000000,48000000,72000000,7.6,alta,,
36,activa,11436,180,100,Torreón,Santa Fé,25.564423,-103.32613,590,900,1350,6700000,10000000,15000000,7.8,alta,,
37,desmontada,33047,399,219,Gómez Palacio,El Compás,25.677155,-103.381255,145,220,330,4700000,7300000,11000000,8.4,alta,,
38,desmontada,71203,510,256,Gómez Palacio,El Compás,25.678104,-103.385373,125,195,290,8900000,14000000,21000000,8.5,alta,,
39,activa,41599,360,150,Gómez Palacio,Aquiles Serdán,25.642909,-103.458003,340,520,780,14000000,22000000,32000000,8.0,alta,,
40,activa,8508,130,90,Gómez Palacio,San Felipe,25.684033,-103.391776,150,230,350,1300000,2000000,2900000,9.1,alta,,
41,activa,42617,330,200,Gómez Palacio,Tajo Viejo,25.684124,-103.410342,110,170,260,4700000,7300000,11000000,9.3,alta,,
42,activa,21533,200,190,Gómez Palacio,Tajo Viejo,25.67987,-103.431131,115,175,260,2500000,3800000,5700000,9.5,alta,,
43,activa,39144,373,206,Gómez Palacio,Tajo Viejo,25.680718,-103.429559,105,160,240,4100000,6300000,9400000,9.5,alta,,
44,activa,22316,255,214,Torreón,La Partida,25.591932,-103.304489,300,470,700,6800000,10000000,16000000,8.9,alta,,
45,activa,139516,607,382,Torreón,Torreón,25.529281,-103.446323,500,770,1150,70000000,110000000,160000000,9.7,media,,
46,activa,9568,204,66,Gómez Palacio,Tajo Viejo,25.685387,-103.430107,115,175,260,1100000,1700000,2500000,10.0,media,,
47,desmontada,58238,507,250,Gómez Palacio,Tajo Viejo,25.685069,-103.431354,75,115,170,4300000,6600000,9900000,10.0,alta,,
48,activa,13141,165,112,Gómez Palacio,San Felipe,25.695495,-103.39151,120,185,280,1600000,2400000,3600000,10.4,alta,,
49,activa,30700,280,160,Gómez Palacio,San Felipe,25.696379,-103.394544,105,160,240,3200000,5000000,7500000,10.5,alta,,
50,activa,31876,310,130,Gómez Palacio,Trece de Marzo,25.683358,-103.441838,110,170,250,3500000,5300000,8000000,10.3,alta,,
51,activa,41220,360,180,Matamoros,Hormiguero,25.685404,-103.345566,110,170,260,4600000,7000000,11000000,10.4,alta,,
52,activa,41629,284,195,Gómez Palacio,Tajo Viejo,25.693325,-103.423583,90,135,210,3700000,5700000,8600000,10.6,alta,,
53,activa,5794,120,60,Gómez Palacio,San Felipe,25.698957,-103.394353,115,175,260,660000,1000000,1500000,10.8,media,,
54,activa,25693,294,163,Gómez Palacio,La Popular,25.669578,-103.462218,155,240,360,4000000,6200000,9200000,10.3,alta,,
55,activa,37850,280,160,Gómez Palacio,Las Macitas,25.698995,-103.399679,95,150,220,3700000,5600000,8500000,10.8,alta,,
56,activa,6066,110,60,Gómez Palacio,Trece de Marzo,25.683812,-103.44532,125,190,290,750000,1200000,1700000,10.5,alta,,
57,activa,71628,774,132,Matamoros,Hormiguero,25.68148,-103.333317,100,150,230,7000000,11000000,16000000,10.6,alta,43,270229
58,activa,198601,855,418,Matamoros,Hormiguero,25.685891,-103.336124,85,130,195,17000000,26000000,39000000,10.9,alta,43,270229
59,activa,11710,201,92,Torreón,La Partida,25.586548,-103.290137,210,330,490,2500000,3800000,5700000,10.4,alta,,
60,activa,159352,831,324,Gómez Palacio,Las Macitas,25.70378,-103.416809,75,115,170,12000000,18000000,27000000,11.6,alta,45,267104
61,activa,564388,1687,672,Gómez Palacio,San Isidro,25.705109,-103.367118,70,110,165,41000000,63000000,94000000,11.7,alta,46,577222
62,activa,652859,1430,630,Matamoros,Purísima,25.687251,-103.328789,95,145,220,62000000,96000000,140000000,11.4,alta,,
63,desmontada,11027,210,78,Gómez Palacio,La Popular,25.685699,-103.458397,95,150,220,1100000,1600000,2400000,11.4,alta,,
64,activa,18407,232,106,Matamoros,Solima,25.64659,-103.294459,110,165,250,2000000,3100000,4600000,11.0,media,,
65,activa,25492,414,135,Gómez Palacio,La Popular,25.686521,-103.459233,110,170,260,2800000,4400000,6600000,11.5,alta,,
66,activa,107752,444,424,Gómez Palacio,La Tehua,25.707694,-103.417256,75,110,170,7800000,12000000,18000000,12.0,alta,45,267104
67,activa,32798,373,212,Gómez Palacio,El Cuije,25.703575,-103.351789,90,140,210,3000000,4600000,6900000,12.0,alta,,
68,activa,6232,120,70,Gómez Palacio,El Cuije,25.705004,-103.349729,100,155,230,620000,960000,1400000,12.2,alta,,
69,activa,7897,100,90,Matamoros,Solima,25.651209,-103.291853,105,165,250,840000,1300000,1900000,11.5,media,,
70,activa,7503,150,90,Gómez Palacio,San Isidro,25.711676,-103.369265,100,150,230,740000,1100000,1700000,12.4,media,,
71,activa,25481,301,137,Matamoros,La Esperanza,25.564233,-103.285327,210,320,490,5400000,8300000,12000000,11.5,alta,,
72,activa,124864,496,358,Gómez Palacio,El Quemado,25.714379,-103.378101,75,115,170,9200000,14000000,21000000,12.6,alta,,
73,activa,19545,180,130,Gómez Palacio,Reforma,25.714461,-103.373266,90,140,210,1800000,2700000,4100000,12.6,alta,56,73382
74,activa,142545,473,407,Gómez Palacio,San Isidro,25.713391,-103.365757,70,110,165,10000000,16000000,24000000,12.7,alta,,
75,activa,5558,90,70,Gómez Palacio,Reforma,25.715307,-103.372607,95,145,220,530000,810000,1200000,12.7,media,56,73382
76,activa,17871,199,123,Gómez Palacio,El Pilar,25.71028,-103.353393,90,140,210,1600000,2500000,3800000,12.6,media,,
77,activa,12834,226,83,Gómez Palacio,San Isidro,25.713611,-103.362715,95,145,220,1200000,1900000,2800000,12.7,alta,46,577222
78,activa,48279,273,247,Gómez Palacio,Reforma,25.716175,-103.373194,80,125,185,3900000,5900000,8900000,12.8,alta,56,73382
79,activa,24511,280,130,Gómez Palacio,La Popular,25.689902,-103.468057,105,160,240,2500000,3900000,5800000,12.4,alta,,
80,activa,60957,359,211,Gómez Palacio,Reforma,25.717443,-103.381099,75,120,175,4700000,7200000,11000000,12.9,alta,60,67412
81,activa,5709,159,49,Gómez Palacio,El Paraíso,25.717065,-103.407707,90,140,210,520000,800000,1200000,12.9,media,61,17089
82,activa,11380,192,84,Gómez Palacio,El Paraíso,25.717514,-103.40711,90,140,210,1000000,1600000,2400000,12.9,alta,61,17089
83,activa,22189,272,168,Gómez Palacio,El Pilar,25.713077,-103.354797,90,135,200,1900000,3000000,4500000,12.9,alta,,
84,activa,6455,90,80,Gómez Palacio,Reforma,25.719252,-103.380826,90,140,210,600000,920000,1400000,13.1,media,60,67412
85,activa,186863,843,335,Gómez Palacio,Reforma,25.719855,-103.386,65,105,155,13000000,19000000,29000000,13.1,alta,,
86,activa,72066,436,255,Gómez Palacio,La Popular,25.68963,-103.471945,90,140,210,6500000,10000000,15000000,12.6,alta,,
87,activa,17495,250,110,Matamoros,El Doce,25.581781,-103.275124,140,210,320,2400000,3700000,5600000,12.0,media,,
88,activa,11798,183,100,Matamoros,El Pilar,25.712914,-103.346595,90,140,210,1100000,1700000,2500000,13.1,alta,,
89,activa,33767,305,216,Matamoros,Lumbalca,25.547625,-103.284664,240,370,550,8100000,12000000,19000000,12.4,alta,,
90,activa,73613,430,240,Gómez Palacio,El Paraíso,25.723052,-103.395475,70,110,165,5300000,8100000,12000000,13.4,alta,,
91,activa,7642,120,80,Matamoros,El Pilar,25.714564,-103.344523,90,140,210,700000,1100000,1600000,13.4,media,,
92,activa,5379,80,80,Gómez Palacio,El Paraíso,25.724462,-103.40308,90,135,200,470000,720000,1100000,13.6,media,,
93,activa,42205,370,160,Matamoros,Entrada El Cuije,25.705933,-103.326562,105,160,240,4300000,6700000,10000000,13.3,alta,71,146800
94,activa,106017,628,261,Matamoros,Ejido 20 de Noviembre,25.711129,-103.334195,80,120,185,8400000,13000000,19000000,13.5,alta,,
95,activa,36153,346,143,Matamoros,El Pilar,25.716911,-103.345379,80,120,180,2800000,4400000,6500000,13.6,alta,,
96,activa,35927,330,189,Matamoros,La Esperanza,25.55288,-103.277725,195,300,450,6900000,11000000,16000000,12.7,alta,,
97,activa,104595,583,323,Matamoros,Ejido 20 de Noviembre,25.70824,-103.323757,95,145,220,9800000,15000000,23000000,13.7,alta,71,146800
98,activa,5660,130,67,Matamoros,Ejido 20 de Noviembre,25.714238,-103.333555,95,145,220,540000,830000,1200000,13.8,alta,,
99,urbanizada,77555,418,276,Gómez Palacio,Dolores (La Borrega),25.592237,-103.520134,,,,,,,12.9,alta,,
100,activa,32633,371,169,Gómez Palacio,Dolores (La Borrega),25.585377,-103.521419,450,690,1030,15000000,22000000,34000000,13.1,alta,,
101,activa,42147,412,154,Matamoros,Ejido 20 de Noviembre,25.716404,-103.328796,85,130,195,3500000,5400000,8200000,14.2,alta,77,57312
102,activa,9650,148,107,Matamoros,Ejido 20 de Noviembre,25.718078,-103.331212,95,145,220,900000,1400000,2100000,14.3,media,77,57312
103,activa,8233,160,80,Matamoros,Ejido 20 de Noviembre,25.712488,-103.321523,110,170,260,910000,1400000,2100000,14.2,media,,
104,activa,5515,110,70,Matamoros,Ejido 20 de Noviembre,25.718853,-103.332099,90,140,210,510000,780000,1200000,14.3,media,77,57312
105,activa,33903,379,207,Gómez Palacio,Dolores (La Borrega),25.587575,-103.523523,440,680,1010,15000000,23000000,34000000,13.3,alta,,
106,activa,18334,273,132,Gómez Palacio,El Vergel,25.629906,-103.521606,280,430,650,5100000,7900000,12000000,13.4,alta,,
107,activa,13389,236,76,Lerdo,Álvaro Obregón,25.527479,-103.503063,400,610,920,5300000,8200000,12000000,13.8,alta,,
108,activa,9834,141,106,Matamoros,Ejido 20 de Noviembre,25.719816,-103.330386,90,140,210,910000,1400000,2100000,14.5,media,,
109,activa,104546,484,263,Matamoros,Ejido Santo Tomas,25.545343,-103.269673,160,250,370,17000000,26000000,38000000,13.8,alta,83,111566
110,activa,7020,140,60,Matamoros,Ejido Santo Tomas,25.54389,-103.266857,195,300,450,1400000,2100000,3200000,14.1,media,83,111566
111,desmontada,63197,354,291,Gómez Palacio,El Vergel,25.637377,-103.526173,190,290,430,12000000,18000000,27000000,14.0,alta,,
112,activa,37075,380,280,Matamoros,Corona,25.579327,-103.250421,100,150,230,3600000,5600000,8400000,14.5,alta,,
113,activa,30524,306,186,Francisco I. Madero,San Esteban de Egipto,25.733375,-103.332735,75,115,170,2200000,3400000,5200000,15.8,alta,,
114,activa,13718,180,120,Matamoros,Ejido Santo Tomas,25.55215,-103.255393,155,240,350,2100000,3200000,4800000,14.8,alta,,
115,activa,38276,336,156,Matamoros,Santa Ana del Pilar,25.724475,-103.312367,80,125,185,3100000,4800000,7100000,15.8,alta,,
116,desmontada,10699,140,110,Matamoros,Ejido Santo Tomas,25.552658,-103.254092,135,210,310,1500000,2200000,3400000,14.9,alta,,
117,activa,49798,356,211,Francisco I. Madero,San Esteban de Egipto,25.734612,-103.328782,70,105,160,3500000,5300000,8000000,16.0,alta,,
118,activa,86614,517,275,Matamoros,San Antonio del Coyote,25.695484,-103.27633,195,300,450,17000000,26000000,39000000,15.6,alta,,
119,activa,33701,263,145,Gómez Palacio,Villa Gregorio García,25.748327,-103.358002,70,110,165,2400000,3700000,5500000,16.6,alta,,
120,activa,31156,327,185,Gómez Palacio,Pastor Rouaix,25.694738,-103.512184,100,155,230,3100000,4800000,7200000,15.8,alta,,
121,desmontada,41119,395,199,Matamoros,Mariano Matamoros,25.551112,-103.248534,120,185,280,5000000,7700000,12000000,15.5,alta,,
122,desmontada,10509,185,85,Gómez Palacio,Dolores (La Borrega),25.599525,-103.545781,370,570,860,3900000,6000000,9000000,15.4,alta,,
123,activa,35785,349,150,Matamoros,Mariano Matamoros,25.550349,-103.245015,145,220,340,5200000,8000000,12000000,15.9,alta,,
124,activa,208645,643,555,Matamoros,San Antonio del Coyote,25.702083,-103.272744,180,270,410,37000000,57000000,86000000,16.4,alta,93,931849
125,desmontada,27817,321,125,Francisco I. Madero,Ejido Nuevo León,25.72868,-103.299441,65,95,145,1800000,2700000,4000000,16.9,alta,,
126,activa,81433,451,235,Francisco I. Madero,Ejido Nuevo León,25.731326,-103.296245,80,125,185,6500000,10000000,15000000,17.3,alta,,
127,activa,723204,1474,814,Matamoros,San Antonio del Coyote,25.709896,-103.269934,155,240,350,110000000,170000000,260000000,17.2,alta,93,931849
128,activa,152799,584,416,Francisco I. Madero,Compuertas,25.747489,-103.313206,80,125,185,12000000,19000000,28000000,18.0,alta,,
129,activa,30676,252,167,Matamoros,Ejido Andalucía,25.565055,-103.227346,105,160,240,3200000,4900000,7300000,17.1,alta,,
130,activa,189001,760,580,Francisco I. Madero,Compuertas,25.753481,-103.317499,75,115,175,14000000,22000000,33000000,18.4,alta,,
131,activa,222293,1320,310,Gómez Palacio,La Cantabra,25.651329,-103.558299,90,135,200,20000000,30000000,45000000,17.5,alta,,
132,activa,59003,575,227,Francisco I. Madero,Jaboncillo,25.729029,-103.273451,100,155,230,5900000,9100000,14000000,18.5,alta,,
133,activa,20110,160,140,Francisco I. Madero,Compuertas,25.755462,-103.309754,110,165,250,2200000,3300000,5000000,18.9,alta,,
134,activa,65866,530,311,Lerdo,El Sacrificio,25.506108,-103.542395,280,430,650,19000000,29000000,43000000,18.4,alta,,
135,urbanizada,41356,276,259,Gómez Palacio,La Florida,25.768452,-103.32981,,,,,,,19.5,alta,,
136,activa,18387,277,93,Gómez Palacio,La Cantabra,25.633854,-103.568084,130,200,300,2400000,3700000,5600000,18.0,alta,,
137,activa,11334,178,89,Gómez Palacio,Puente de la Torreña,25.632883,-103.570518,135,210,320,1600000,2400000,3600000,18.2,alta,,
138,activa,68256,467,349,Gómez Palacio,La Cantabra,25.665643,-103.561613,90,140,210,6300000,9700000,15000000,18.4,alta,,
139,activa,84867,594,310,Lerdo,El Sacrificio,25.50525,-103.545664,250,390,580,21000000,33000000,49000000,18.8,alta,,
140,activa,49899,350,290,Gómez Palacio,La Cantabra,25.66252,-103.564537,90,140,210,4600000,7000000,11000000,18.6,alta,,
141,desmontada,125221,678,349,Francisco I. Madero,Compuertas,25.758178,-103.297553,130,200,300,16000000,25000000,38000000,19.8,alta,,
142,activa,409660,880,740,Lerdo,Las Cuevas,25.508256,-103.552437,195,300,450,79000000,120000000,180000000,19.1,alta,,
143,activa,22687,200,190,Francisco I. Madero,Compuertas,25.760614,-103.29627,160,250,370,3700000,5600000,8500000,20.1,alta,,
144,activa,16895,160,140,Francisco I. Madero,El Porvenir de Arriba,25.7747,-103.321546,90,140,210,1500000,2300000,3500000,20.4,media,,
145,activa,94788,565,253,Gómez Palacio,El Porvenir de Arriba,25.778809,-103.329664,70,105,155,6400000,9900000,15000000,20.6,alta,,
146,activa,1359450,1794,1182,Matamoros,El Dólar,25.425771,-103.321414,60,90,135,80000000,120000000,190000000,20.8,alta,,
147,activa,19843,190,120,Gómez Palacio,Ejido Venecia,25.788278,-103.344264,75,115,170,1500000,2300000,3400000,21.2,alta,,
148,activa,18452,200,140,Francisco I. Madero,Jaboncillo,25.744443,-103.261565,130,200,300,2400000,3700000,5500000,20.5,media,,
149,activa,18545,202,114,Francisco I. Madero,Jaboncillo,25.742444,-103.257408,115,180,270,2200000,3300000,5000000,20.7,alta,,
150,activa,56585,464,169,Francisco I. Madero,Francisco I. Madero (Chávez),25.768509,-103.286737,200,310,460,11000000,17000000,26000000,21.3,alta,,
151,activa,13971,170,110,Lerdo,Las Cuevas,25.488099,-103.554383,180,270,410,2500000,3800000,5800000,20.6,media,,
152,activa,114679,675,359,Matamoros,Ignacio Zaragoza,25.560748,-103.196694,75,115,175,8700000,13000000,20000000,20.2,alta,,
153,activa,28570,330,164,Lerdo,Las Piedras,25.50478,-103.569159,160,250,370,4600000,7100000,11000000,20.8,alta,,
154,activa,19060,240,120,Lerdo,Las Piedras,25.506045,-103.5744,190,290,440,3700000,5600000,8400000,21.1,alta,,
155,activa,40139,260,240,Francisco I. Madero,6 de Octubre,25.752597,-103.246892,150,230,340,5900000,9100000,14000000,22.2,alta,,
156,activa,24364,220,160,Francisco I. Madero,6 de Octubre,25.75058,-103.244284,140,220,330,3500000,5300000,8000000,22.2,alta,,
157,activa,17266,190,140,Francisco I. Madero,La Fortuna,25.800518,-103.321137,85,125,190,1400000,2200000,3300000,23.2,alta,,
158,activa,5732,129,63,Francisco I. Madero,La Fortuna,25.803882,-103.319292,85,135,200,500000,770000,1100000,23.6,media,123,24197
159,activa,23708,224,134,Matamoros,Guadalupe Victoria,25.731825,-103.220137,80,120,180,1900000,2900000,4300000,22.5,alta,,
160,activa,78492,580,220,Lerdo,El Invernadero,25.514475,-103.59029,115,180,270,9200000,14000000,21000000,22.1,alta,,
161,activa,18465,190,130,Francisco I. Madero,Buenavista de Arriba,25.805354,-103.31872,80,125,190,1500000,2300000,3500000,23.7,alta,123,24197
162,activa,11793,120,110,Lerdo,Las Piedras,25.5008,-103.586265,230,350,520,2700000,4100000,6100000,22.5,media,,
163,activa,16890,264,98,Lerdo,Flor de Mayo,25.38729,-103.440451,165,260,380,2800000,4300000,6500000,24.2,alta,,
164,activa,70700,420,200,Matamoros,Noacan,25.398873,-103.306108,65,100,150,4600000,7100000,11000000,24.1,alta,,
165,activa,123169,750,240,Francisco I. Madero,Buenavista de Arriba,25.809997,-103.31805,65,100,150,8000000,12000000,18000000,24.2,alta,,
166,activa,103072,579,344,Francisco I. Madero,Las Virginias,25.787163,-103.269369,190,300,440,20000000,31000000,46000000,24.0,alta,,
167,activa,209011,694,502,Francisco I. Madero,6 de Octubre,25.76102,-103.235553,105,160,240,22000000,34000000,50000000,23.6,alta,,
168,activa,41587,490,128,Lerdo,Seis de Enero,25.517714,-103.599863,105,160,240,4400000,6800000,10000000,22.8,media,,
169,activa,193094,502,426,Gómez Palacio,Las Margaritas,25.694428,-103.598685,60,95,140,12000000,18000000,27000000,23.1,alta,,
170,activa,18994,180,130,Gómez Palacio,El Veintinueve de Agosto,25.828216,-103.369469,70,110,165,1400000,2100000,3100000,25.2,alta,,
171,activa,154131,780,393,Francisco I. Madero,6 de Octubre,25.76622,-103.233084,95,150,220,15000000,23000000,35000000,24.2,alta,,
172,activa,160558,752,384,Lerdo,El Paraíso,25.508924,-103.602188,125,195,290,20000000,31000000,46000000,23.5,alta,136,427622
173,activa,5376,153,57,Lerdo,La Campana,25.377955,-103.461532,95,150,220,520000,800000,1200000,25.7,media,,
174,activa,276697,1023,557,Francisco I. Madero,Buenavista de Arriba,25.822867,-103.314333,55,90,130,16000000,24000000,37000000,25.7,alta,,
175,activa,267064,719,689,Lerdo,El Paraíso,25.505768,-103.606402,140,210,320,37000000,57000000,85000000,24.0,alta,136,427622
176,activa,8326,142,98,Viesca,Noacan,25.384704,-103.30328,80,120,180,660000,1000000,1500000,25.7,media,,
177,activa,31201,320,120,Gómez Palacio,Jiménez,25.834448,-103.362053,70,105,155,2100000,3200000,4900000,26.0,alta,,
178,activa,5306,90,80,Viesca,Noacan,25.388519,-103.291444,80,120,180,420000,640000,970000,25.7,media,,
179,activa,61773,682,183,Francisco I. Madero,6 de Octubre,25.77456,-103.230963,100,150,230,6100000,9400000,14000000,25.1,alta,,
180,activa,7009,160,60,Francisco I. Madero,6 de Octubre,25.775399,-103.22891,110,165,250,760000,1200000,1700000,25.3,media,,
181,activa,778407,1286,981,Francisco I. Madero,Ejido Florencia,25.833103,-103.31833,50,75,110,37000000,58000000,86000000,26.7,alta,,
182,activa,7111,100,90,Viesca,La Esperanza (Florencia),25.37276,-103.309304,80,120,180,550000,850000,1300000,26.7,media,,
183,activa,7046,130,80,Viesca,La Esperanza (Florencia),25.369409,-103.318495,80,120,180,550000,850000,1300000,26.8,media,,
184,activa,61717,368,323,Viesca,La Esperanza (Florencia),25.37035,-103.310232,65,100,145,3900000,6000000,9000000,26.9,alta,,
185,activa,9746,143,94,Gómez Palacio,El Veintinueve de Agosto,25.847216,-103.383626,75,115,175,740000,1100000,1700000,27.2,media,,
186,activa,44991,260,220,Gómez Palacio,El Barro,25.850242,-103.391866,65,100,150,2900000,4500000,6700000,27.5,alta,,
187,activa,12284,170,100,Gómez Palacio,El Barro,25.851901,-103.391148,75,115,175,920000,1400000,2100000,27.7,media,,
188,activa,71652,410,250,Lerdo,Rancho Santa Clara (Los Cerritos),25.506212,-103.623615,105,165,250,7700000,12000000,18000000,25.5,alta,151,347766
189,activa,276114,1208,437,Lerdo,Monterrey,25.504303,-103.631849,85,130,190,23000000,35000000,53000000,26.4,alta,151,347766
190,activa,109677,523,304,Lerdo,Monterrey,25.494876,-103.635031,85,130,190,9100000,14000000,21000000,27.1,alta,152,126439
191,activa,16762,170,150,Lerdo,Monterrey,25.495852,-103.637608,95,150,220,1600000,2500000,3700000,27.3,alta,152,126439
192,activa,5589,100,70,Francisco I. Madero,Ejido Lequeitio,25.851446,-103.289361,80,120,180,440000,670000,1000000,29.5,media,,
193,activa,38431,530,100,San Pedro,Ejido Lázaro Cárdenas (Dolores),25.76065,-103.173352,75,110,165,2800000,4300000,6400000,28.2,alta,,
194,activa,502533,1936,445,Francisco I. Madero,Ejido San Agustín de Ulua,25.80363,-103.212185,55,80,125,27000000,41000000,62000000,28.8,alta,,
195,activa,40369,370,180,San Pedro,Ejido San Agustín de Ulua,25.801748,-103.209571,70,110,160,2800000,4300000,6500000,28.8,alta,,
196,activa,86640,595,291,Francisco I. Madero,Ejido Lequeitio,25.855179,-103.288783,60,95,140,5300000,8100000,12000000,29.9,alta,,
197,activa,7777,150,60,Lerdo,Monterrey,25.491928,-103.643222,90,140,210,720000,1100000,1700000,28.0,media,,
198,activa,5616,110,70,San Pedro,Pueblo Luchana,25.783317,-103.186764,80,120,185,450000,690000,1000000,28.8,media,,
199,activa,18851,236,113,Viesca,El Esfuerzo Sector Seis,25.361096,-103.253377,70,110,165,1400000,2100000,3100000,30.1,alta,,
200,activa,52089,300,280,Lerdo,San Antonio (La Hortaliza),25.489475,-103.64655,75,115,170,3900000,6000000,9000000,28.4,alta,,
201,activa,56518,543,227,San Pedro,Pueblo Luchana,25.800506,-103.197117,65,100,150,3700000,5600000,8500000,29.5,alta,,
202,activa,36026,337,160,Lerdo,San Antonio (La Hortaliza),25.486501,-103.646075,80,120,180,2800000,4300000,6400000,28.5,alta,,
203,activa,118257,541,340,Tlahualilo,Nuevo Barro,25.879582,-103.420711,55,90,130,6800000,10000000,16000000,30.9,alta,,
204,activa,85225,324,308,San Pedro,Pueblo Luchana,25.782496,-103.178825,65,100,150,5500000,8500000,13000000,29.3,alta,,
205,activa,23442,270,100,Viesca,El Esfuerzo Sector Seis,25.35801,-103.25332,70,110,160,1600000,2500000,3800000,30.4,alta,,
206,activa,68288,349,308,Lerdo,León Guzmán,25.504943,-103.655979,65,105,155,4600000,7000000,11000000,28.6,alta,,
207,activa,51766,270,250,Tlahualilo,Nuevo Barro,25.881071,-103.427378,65,95,145,3300000,5000000,7600000,31.1,alta,,
208,activa,37604,248,205,Lerdo,León Guzmán,25.499454,-103.655474,75,110,165,2700000,4200000,6300000,28.8,alta,,
209,activa,30965,370,140,San Pedro,Pueblo Luchana,25.797792,-103.188587,70,105,160,2200000,3300000,5000000,29.8,alta,,
210,activa,83838,525,292,Tlahualilo,Nuevo Barro,25.883462,-103.421906,60,90,140,5000000,7700000,12000000,31.4,alta,,
211,activa,12671,180,90,San Pedro,Pueblo Luchana,25.790058,-103.180081,80,125,185,1000000,1600000,2300000,29.8,media,,
212,activa,22384,235,129,San Pedro,Pueblo Luchana,25.7842,-103.174239,75,120,180,1700000,2700000,4000000,29.8,alta,,
213,activa,86129,498,235,Matamoros,El Refugio,25.422668,-103.171297,60,90,140,5200000,7900000,12000000,29.8,alta,,
214,activa,34353,335,212,San Pedro,Pueblo Luchana,25.797378,-103.184656,70,105,160,2400000,3700000,5500000,30.1,alta,,
215,activa,36357,270,210,San Pedro,Pueblo Luchana,25.800499,-103.184762,70,105,160,2500000,3800000,5800000,30.3,alta,176,130080
216,activa,93723,547,297,San Pedro,Pueblo Luchana,25.803305,-103.187057,60,95,140,5700000,8800000,13000000,30.4,alta,176,130080
217,activa,21721,210,130,San Pedro,Pueblo Luchana,25.800195,-103.182618,75,115,170,1600000,2400000,3700000,30.4,alta,,
218,activa,22941,230,210,Francisco I. Madero,Ejido La Coruña,25.875659,-103.291677,70,110,160,1600000,2500000,3700000,32.0,media,,
219,activa,95469,477,420,San Pedro,Ejido San Lorenzo,25.735421,-103.132029,65,105,155,6400000,9800000,15000000,30.0,media,,
220,activa,513529,1702,792,Lerdo,San Antonio (La Hortaliza),25.477216,-103.664574,50,80,120,26000000,40000000,61000000,30.6,alta,,
221,activa,11768,140,140,Lerdo,La Loma,25.46209,-103.658535,80,120,180,920000,1400000,2100000,30.9,alta,,
222,activa,16328,288,109,Lerdo,La Loma,25.471323,-103.670758,75,115,170,1200000,1900000,2800000,31.5,alta,,
223,activa,33433,251,207,San Pedro,Ejido Primero de Mayo (Algorta),25.807836,-103.159467,75,115,170,2500000,3800000,5700000,32.7,alta,,
224,activa,45272,249,233,Lerdo,La Gloria,25.480868,-103.679852,65,100,150,3000000,4600000,6800000,31.8,alta,,
225,activa,10078,140,80,Lerdo,La Gloria,25.48986,-103.683534,75,120,180,780000,1200000,1800000,31.8,alta,,
226,activa,72279,485,289,Lerdo,La Loma,25.47502,-103.678028,60,95,145,4500000,6900000,10000000,32.0,media,,
227,activa,54524,402,161,San Pedro,Ejido Primero de Mayo (Algorta),25.810677,-103.158323,70,105,160,3800000,5900000,8800000,33.0,alta,,
228,activa,266239,966,384,San Pedro,Ejido 20 de Noviembre,25.800123,-103.147911,70,105,160,18000000,28000000,42000000,32.9,alta,,
229,activa,19776,300,100,San Pedro,Concordia (La Rosita),25.775556,-103.129599,230,350,530,4600000,7000000,11000000,32.7,alta,,
230,activa,79869,439,306,Francisco I. Madero,Jauja,25.913005,-103.342096,60,90,140,4800000,7400000,11000000,34.8,alta,,
231,activa,10055,218,70,San Pedro,Concordia (La Rosita),25.759416,-103.117044,135,210,310,1400000,2100000,3100000,32.7,media,,
232,activa,29815,257,151,San Pedro,Concordia (La Rosita),25.765899,-103.120534,155,240,360,4600000,7100000,11000000,32.8,alta,,
233,activa,44858,495,212,San Pedro,Ejido San Ignacio,25.734238,-103.10374,70,110,165,3200000,5000000,7500000,32.5,alta,,
234,activa,19290,230,100,Lerdo,La Loma,25.464093,-103.679986,70,110,165,1400000,2100000,3200000,32.7,alta,,
235,activa,28745,230,180,San Pedro,Ejido San Ignacio,25.745266,-103.106754,85,135,200,2500000,3800000,5800000,32.8,alta,,
236,activa,41011,325,177,Lerdo,La Loma,25.440993,-103.6698,65,100,150,2700000,4100000,6200000,33.1,alta,,
237,activa,9176,140,80,San Pedro,Concordia (La Rosita),25.773965,-103.121753,250,380,570,2300000,3500000,5200000,33.2,media,,
238,desmontada,83477,410,380,Lerdo,La Loma,25.461721,-103.682169,35,55,85,3100000,4800000,7200000,33.0,alta,,
239,desmontada,14357,174,120,Lerdo,La Loma,25.458749,-103.682031,45,70,105,660000,1000000,1500000,33.1,alta,,
240,activa,12323,180,150,San Pedro,Concordia (La Rosita),25.77192,-103.117199,230,350,520,2800000,4300000,6400000,33.4,alta,,
241,activa,61564,320,260,San Pedro,Concordia (La Rosita),25.774406,-103.117609,210,320,480,13000000,20000000,29000000,33.6,alta,,
242,activa,17334,281,89,San Pedro,Concordia (La Rosita),25.765864,-103.112337,165,250,380,2800000,4400000,6500000,33.5,media,,
243,desmontada,94666,467,325,Lerdo,La Loma,25.460974,-103.687232,35,55,85,3500000,5300000,8000000,33.5,alta,,
244,activa,9354,170,70,Lerdo,Juan E. García,25.494219,-103.701077,75,120,175,720000,1100000,1700000,33.2,media,,
245,activa,38840,233,197,Lerdo,Salamanca,25.509034,-103.706366,65,100,155,2600000,4000000,5900000,33.2,alta,,
246,activa,58449,417,244,San Pedro,Concordia (La Rosita),25.77022,-103.111393,180,280,410,10000000,16000000,24000000,33.8,alta,,
247,activa,32518,280,156,San Pedro,Ejido San Ignacio,25.740612,-103.093778,75,120,180,2500000,3900000,5800000,33.7,alta,204,44070
248,desmontada,35269,303,158,Lerdo,La Loma,25.460996,-103.691013,40,65,95,1400000,2200000,3300000,33.8,alta,,
249,activa,19489,189,151,San Pedro,Ejido Primero de Mayo (Algorta),25.830289,-103.152434,75,115,170,1500000,2200000,3400000,34.9,alta,,
250,activa,11552,191,92,San Pedro,Ejido San Ignacio,25.741257,-103.09167,85,135,200,1000000,1500000,2300000,33.9,alta,204,44070
251,activa,13673,170,90,San Pedro,Ejido El Retiro,25.830284,-103.15029,80,120,180,1100000,1600000,2500000,35.1,alta,,
252,activa,65598,527,206,Tlahualilo,Jauja,25.934612,-103.374099,60,95,140,4000000,6200000,9300000,36.9,alta,,
253,activa,17780,210,130,Lerdo,El Ranchito,25.468233,-103.698739,70,110,165,1300000,2000000,3000000,34.2,alta,,
254,activa,35430,329,165,San Pedro,Ejido El Retiro,25.833513,-103.151044,70,105,160,2400000,3800000,5600000,35.3,alta,,
255,activa,35875,270,180,San Pedro,Ejido San Pablo,25.730439,-103.082474,70,110,160,2500000,3900000,5800000,34.2,alta,,
256,activa,22230,190,152,Lerdo,El Ranchito,25.455192,-103.694354,70,110,165,1600000,2400000,3600000,34.4,alta,,
257,activa,24103,246,152,San Pedro,Ejido San Ignacio,25.753657,-103.092765,90,140,210,2200000,3400000,5100000,34.5,alta,,
258,activa,5029,130,40,Lerdo,El Ranchito,25.458192,-103.69641,75,120,175,380000,590000,890000,34.5,media,,
259,activa,41232,367,208,Lerdo,Sapioris,25.452397,-103.693887,65,100,150,2700000,4100000,6200000,34.5,alta,,
260,activa,37465,369,264,San Pedro,Concordia (La Rosita),25.793025,-103.115123,190,290,430,7000000,11000000,16000000,35.0,alta,,
261,activa,10252,170,102,San Pedro,Ejido El Retiro,25.831605,-103.14608,80,125,185,820000,1300000,1900000,35.5,alta,,
262,activa,37336,326,170,Lerdo,El Ranchito,25.475113,-103.705876,65,100,155,2500000,3800000,5700000,34.5,alta,,
263,activa,12870,210,90,Francisco I. Madero,Ejido San José de la Niña,25.897936,-103.228176,75,115,175,960000,1500000,2200000,36.7,alta,,
264,activa,10521,130,100,San Pedro,Concordia (La Rosita),25.798041,-103.116188,165,250,380,1700000,2700000,4000000,35.2,media,,
265,activa,76172,526,256,Lerdo,El Ranchito,25.463356,-103.70193,60,95,140,4600000,7100000,11000000,34.7,alta,,
266,activa,20057,237,118,San Pedro,Concordia (La Rosita),25.800122,-103.117301,145,220,330,2900000,4400000,6600000,35.3,alta,,
267,activa,14483,190,100,San Pedro,Tacubaya,25.688943,-103.06411,75,115,170,1100000,1700000,2500000,34.3,alta,,
268,activa,53719,300,250,San Pedro,Ejido San Pablo,25.734656,-103.078016,65,105,155,3600000,5500000,8300000,34.8,alta,,
269,activa,55161,309,237,San Pedro,Ejido San Ignacio,25.744719,-103.082449,70,110,165,3900000,6000000,9100000,34.9,alta,,
270,desmontada,15727,227,148,Lerdo,El Ranchito,25.469709,-103.707359,45,70,105,710000,1100000,1600000,34.9,alta,,
271,activa,44754,382,219,San Pedro,Santa Brígida,25.70434,-103.064323,65,100,150,2900000,4500000,6700000,34.8,alta,,
272,activa,14214,160,150,San Pedro,Ejido El Retiro,25.834297,-103.138847,80,120,180,1100000,1700000,2600000,36.2,alta,,
273,activa,67202,484,243,San Pedro,Concordia (La Rosita),25.801825,-103.111587,125,195,290,8500000,13000000,20000000,35.9,alta,,
274,activa,51911,401,223,Lerdo,El Ranchito,25.48029,-103.715963,65,100,145,3300000,5100000,7600000,35.2,alta,,
275,activa,20813,240,100,San Pedro,Ejido El Retiro,25.81472,-103.119767,95,145,220,2000000,3000000,4600000,36.1,alta,,
276,activa,18708,240,150,San Pedro,Tacubaya,25.700681,-103.060629,75,110,165,1400000,2100000,3100000,35.1,alta,,
277,activa,78878,507,390,Tlahualilo,Jauja,25.948175,-103.374261,60,95,140,4700000,7300000,11000000,38.4,alta,231,84943
278,activa,6065,120,80,Tlahualilo,Jauja,25.948391,-103.372835,75,115,175,460000,710000,1100000,38.5,media,231,84943
279,activa,38714,349,197,San Pedro,Concordia (La Rosita),25.768986,-103.087716,100,160,240,4000000,6100000,9200000,35.8,alta,,
280,activa,26282,190,180,San Pedro,Ejido El Retiro,25.840301,-103.138563,70,110,165,1900000,2900000,4300000,36.7,alta,,
281,activa,9623,160,100,San Pedro,Tacubaya,25.685653,-103.054178,75,120,175,740000,1100000,1700000,35.2,alta,,
282,desmontada,8323,110,90,Tlahualilo,Jauja,25.949894,-103.370843,45,70,105,390000,600000,890000,38.6,alta,,
283,activa,43265,418,163,San Pedro,Concordia (La Rosita),25.804919,-103.108692,115,175,260,5000000,7600000,11000000,36.3,alta,,
284,activa,120373,647,276,Lerdo,Sapioris,25.446756,-103.705188,55,90,130,6900000,11000000,16000000,35.8,alta,,
285,activa,7295,120,70,San Pedro,Ejido El Retiro,25.815281,-103.115766,100,155,240,750000,1100000,1700000,36.5,media,,
286,activa,6982,110,110,San Pedro,Ejido San Ignacio,25.766962,-103.083131,105,160,240,730000,1100000,1700000,36.0,media,,
287,activa,195721,623,499,San Pedro,Tacubaya,25.703104,-103.05651,55,85,125,11000000,17000000,25000000,35.5,alta,,
288,activa,71049,470,330,San Pedro,Ejido El Retiro,25.818141,-103.115527,80,125,185,5700000,8700000,13000000,36.7,alta,240,121044
289,activa,20760,252,110,Lerdo,Sapioris,25.459291,-103.713803,70,110,165,1500000,2300000,3400000,36.0,media,,
290,activa,31210,384,97,San Pedro,Concordia (La Rosita),25.799656,-103.101603,130,200,310,4100000,6300000,9500000,36.5,alta,,
291,activa,14963,160,130,San Pedro,Ejido San Ignacio,25.766445,-103.081546,100,150,230,1500000,2300000,3400000,36.1,media,,
292,activa,34818,385,170,San Pedro,Ejido El Retiro,25.816586,-103.113075,90,135,200,3100000,4800000,7100000,36.8,alta,240,121044
293,activa,9913,140,90,San Pedro,Ejido El Retiro,25.836576,-103.129543,80,125,185,800000,1200000,1800000,37.0,alta,,
294,activa,95618,590,250,San Pedro,Concordia (La Rosita),25.801998,-103.101103,110,165,250,10000000,16000000,24000000,36.7,alta,,
295,activa,15177,184,114,San Pedro,Ejido El Retiro,25.816913,-103.109921,95,150,220,1500000,2300000,3400000,37.0,alta,240,121044
296,activa,12048,170,90,San Pedro,Ejido San Pablo,25.720964,-103.057363,80,120,180,950000,1500000,2200000,36.1,alta,,
297,activa,32908,324,142,Lerdo,San Jacinto,25.481677,-103.727044,65,105,155,2200000,3400000,5100000,36.2,alta,,
298,activa,255565,674,620,San Pedro,Ejido San Ignacio,25.766104,-103.076571,70,105,160,18000000,27000000,41000000,36.6,alta,,
299,activa,36691,305,149,Lerdo,San Jacinto,25.487104,-103.729722,65,100,155,2400000,3700000,5600000,36.2,alta,,
300,activa,11418,160,80,San Pedro,Ejido San Pablo,25.741212,-103.06436,80,125,185,930000,1400000,2100000,36.4,alta,,
301,activa,441813,780,600,San Pedro,Concordia (La Rosita),25.780713,-103.083709,80,120,180,35000000,53000000,80000000,36.8,alta,,
302,activa,9948,130,100,San Pedro,Ejido El Retiro,25.815423,-103.106189,100,155,240,1000000,1600000,2300000,37.2,media,,
303,activa,116032,625,333,San Pedro,Ejido El Retiro,25.82166,-103.110329,75,110,170,8400000,13000000,19000000,37.3,alta,,
304,activa,9676,110,100,San Pedro,Ejido San Pablo,25.723611,-103.055327,80,125,185,780000,1200000,1800000,36.4,media,,
305,activa,7256,110,100,San Pedro,Ejido San Pablo,25.728283,-103.056214,80,125,190,590000,910000,1400000,36.5,alta,,
306,activa,201850,815,508,San Pedro,Ejido Santa Elena,25.701619,-103.045871,55,85,130,11000000,17000000,26000000,36.5,alta,,
307,activa,202140,761,397,San Pedro,Ejido El Retiro,25.84216,-103.122376,55,85,130,11000000,18000000,26000000,38.0,alta,,
308,activa,92379,440,300,San Pedro,Concordia (La Rosita),25.790778,-103.083997,90,135,210,8200000,13000000,19000000,37.4,alta,,
309,desmontada,119818,590,430,San Pedro,Concordia (La Rosita),25.781131,-103.078267,60,90,135,7000000,11000000,16000000,37.3,alta,,
310,activa,47953,414,214,San Pedro,Ejido El Retiro,25.819165,-103.102935,80,125,185,3900000,5900000,8900000,37.7,alta,,
311,activa,14087,160,120,San Pedro,Ejido San Pablo,25.748748,-103.060848,80,125,190,1100000,1800000,2600000,37.1,alta,,
312,activa,53871,300,240,San Pedro,Ejido San Rafael de Arriba,25.878335,-103.156676,65,95,145,3400000,5200000,7800000,38.7,alta,,
313,activa,56703,375,232,San Pedro,Ejido El Retiro,25.848686,-103.125037,65,100,150,3700000,5600000,8400000,38.3,alta,,
314,activa,305607,880,630,San Pedro,Ejido Reynosa,25.707849,-103.043774,55,85,125,17000000,25000000,38000000,36.9,alta,,
315,activa,44147,300,180,San Pedro,Ejido San Pablo,25.743579,-103.05565,75,110,170,3200000,5000000,7400000,37.3,alta,,
316,activa,80362,618,173,San Pedro,Ejido Santa Elena,25.70174,-103.040537,60,95,145,5000000,7700000,12000000,37.0,alta,,
317,desmontada,9390,130,120,San Pedro,Concordia (La Rosita),25.783044,-103.073902,70,105,160,640000,990000,1500000,37.8,alta,,
318,activa,23881,180,160,San Pedro,Ejido Santa Elena,25.698382,-103.038351,70,110,165,1700000,2600000,3900000,37.1,alta,,
319,activa,11275,160,120,San Pedro,Ejido Reynosa,25.714499,-103.043119,80,125,185,910000,1400000,2100000,37.2,alta,,
320,desmontada,34068,426,212,San Pedro,Ejido Flores Magón,25.790594,-103.077495,65,95,145,2200000,3300000,5000000,37.9,alta,,
321,desmontada,8318,167,72,San Pedro,Ejido Flores Magón,25.789748,-103.076462,70,105,160,570000,880000,1300000,37.9,alta,,
322,activa,11600,210,70,San Pedro,Ejido Flores Magón,25.79578,-103.079578,100,150,230,1100000,1700000,2600000,38.0,alta,,
323,activa,129710,981,192,San Pedro,Ejido Flores Magón,25.77936,-103.069916,70,110,160,9100000,14000000,21000000,37.9,alta,,
324,activa,37005,357,158,Lerdo,San Jacinto,25.477888,-103.739265,65,100,150,2400000,3800000,5600000,37.5,alta,,
325,desmontada,11815,160,110,San Pedro,Ejido Flores Magón,25.782853,-103.070216,65,95,145,750000,1200000,1700000,38.1,alta,,
326,activa,5620,100,60,San Pedro,Ejido Reynosa,25.736295,-103.047596,90,135,200,490000,760000,1100000,37.7,alta,,
327,desmontada,41707,358,187,San Pedro,Ejido Flores Magón,25.782121,-103.06918,55,85,125,2300000,3500000,5200000,38.1,alta,,
328,activa,31803,301,199,San Pedro,Ejido El Retiro,25.8218,-103.094219,80,120,185,2500000,3900000,5800000,38.6,alta,,
329,activa,20291,290,160,San Pedro,Ejido Santa Elena,25.704182,-103.036212,75,115,170,1500000,2300000,3500000,37.5,alta,273,1159516
330,activa,12663,120,120,San Pedro,Ejido El Retiro,25.832933,-103.102569,80,125,190,1000000,1600000,2400000,38.8,media,,
331,activa,12364,200,70,San Pedro,Ejido Reynosa,25.738672,-103.047756,90,135,200,1100000,1700000,2500000,37.8,alta,,
332,activa,11878,130,120,San Pedro,Ejido El Retiro,25.824022,-103.095478,85,135,200,1000000,1600000,2400000,38.7,alta,,
333,activa,22878,200,140,San Pedro,Ejido El Retiro,25.849264,-103.11393,70,110,165,1600000,2500000,3800000,39.1,alta,,
334,activa,30115,279,151,San Pedro,Ejido San Rafael de Arriba,25.867692,-103.131199,70,105,155,2000000,3200000,4700000,39.4,alta,,
335,activa,165427,661,312,San Pedro,Ejido San Rafael de Arriba,25.882549,-103.146983,55,85,125,9100000,14000000,21000000,39.7,alta,,
336,activa,9411,150,120,San Pedro,Ejido El Retiro,25.824133,-103.092435,85,135,200,820000,1300000,1900000,38.9,media,,
337,desmontada,17352,180,140,San Pedro,Ejido Flores Magón,25.78322,-103.065873,55,85,130,990000,1500000,2300000,38.4,alta,,
338,activa,9543,160,80,San Pedro,Ejido Santa Elena,25.684536,-103.027867,75,120,180,740000,1100000,1700000,37.7,media,,
339,desmontada,9549,140,100,Lerdo,Ejido 21 de Marzo,25.451511,-103.734969,45,70,105,440000,680000,1000000,38.2,alta,,
340,activa,11706,140,140,Lerdo,Ejido 21 de Marzo,25.453397,-103.736143,75,115,175,890000,1400000,2000000,38.3,media,,
341,activa,5568,80,80,San Pedro,Ejido Santa Elena,25.690391,-103.027324,80,120,180,430000,670000,1000000,37.9,media,,
342,desmontada,11724,169,94,Lerdo,Ejido 21 de Marzo,25.451866,-103.737053,45,70,105,540000,840000,1300000,38.4,alta,,
343,activa,12200,150,110,San Pedro,Ejido San Rafael de Arriba,25.871928,-103.130234,75,115,175,920000,1400000,2100000,39.8,alta,,
344,activa,1139225,1373,1090,San Pedro,Ejido Reynosa,25.711198,-103.031515,50,75,115,56000000,87000000,130000000,38.2,alta,273,1159516
345,activa,24627,219,148,San Pedro,Ejido El Retiro,25.841547,-103.099936,75,110,170,1800000,2800000,4100000,39.6,alta,,
346,activa,44914,340,160,San Pedro,Ejido Reynosa,25.757976,-103.047641,80,125,185,3600000,5600000,8400000,38.7,alta,,
347,activa,22560,190,150,San Pedro,Ejido Santa Elena,25.687858,-103.02363,70,110,165,1600000,2500000,3700000,38.2,alta,,
348,activa,6557,178,63,San Pedro,Ejido Flores Magón,25.796165,-103.06641,85,130,195,560000,860000,1300000,39.2,media,,
349,activa,56554,354,322,San Pedro,Ejido Santa Elena,25.706821,-103.026559,65,105,155,3800000,5900000,8800000,38.5,alta,,
350,activa,5904,100,80,San Pedro,Ejido Reynosa,25.721027,-103.030751,90,135,200,520000,800000,1200000,38.6,media,,
351,activa,20317,190,140,San Pedro,Ejido Santa Elena,25.698538,-103.023899,75,115,170,1500000,2300000,3500000,38.5,alta,,
352,activa,73458,360,300,San Pedro,Ejido Bolívar,25.761922,-103.046637,80,120,180,5700000,8800000,13000000,39.0,alta,,
353,activa,54953,430,160,San Pedro,Ejido Reynosa,25.757651,-103.044551,85,130,190,4600000,7000000,11000000,39.0,alta,,
354,activa,6490,90,90,San Pedro,Ejido Flores Magón,25.800622,-103.06531,85,130,195,550000,840000,1300000,39.5,media,,
355,activa,83312,490,310,San Pedro,Ejido Reynosa,25.723853,-103.029557,75,110,170,6100000,9300000,14000000,38.9,alta,,
356,activa,7205,110,80,San Pedro,Ejido Santa Elena,25.686644,-103.017872,80,120,180,560000,860000,1300000,38.8,media,,
357,activa,224356,649,602,San Pedro,Ejido Reynosa,25.721475,-103.026715,65,100,150,14000000,22000000,33000000,39.0,alta,,
358,activa,12797,230,90,Lerdo,Los Zamudios,25.443261,-103.74395,75,115,175,960000,1500000,2200000,39.5,alta,,
359,activa,44045,376,180,San Pedro,Ejido Reynosa,25.724796,-103.024361,80,125,185,3600000,5500000,8300000,39.4,alta,,
360,activa,20784,200,140,San Pedro,Ejido Bolívar,25.75635,-103.035406,110,175,260,2300000,3600000,5400000,39.7,alta,,
361,activa,100148,620,269,San Pedro,Ejido Santa Elena,25.696048,-103.014826,60,95,145,6200000,9500000,14000000,39.3,alta,,
362,activa,23434,250,120,San Pedro,Ejido Santa Elena,25.698404,-103.01519,75,115,170,1700000,2700000,4000000,39.4,alta,,
363,activa,8039,140,80,Lerdo,Los Zamudios,25.424521,-103.739129,75,115,175,610000,940000,1400000,40.0,alta,,
364,activa,8300,160,60,San Pedro,Ejido Reynosa,25.719919,-103.020908,90,140,210,760000,1200000,1700000,39.5,alta,,
365,activa,10162,160,90,San Pedro,Ejido Santa Elena,25.691093,-103.009729,80,120,185,810000,1200000,1900000,39.7,alta,,
366,activa,50075,460,160,San Pedro,Ejido Reynosa,25.719923,-103.017571,80,120,180,3900000,6000000,9000000,39.8,alta,,
367,activa,687664,1790,820,Lerdo,El Pedregal,25.416664,-103.739859,45,70,105,32000000,49000000,74000000,40.5,alta,,
368,activa,29639,260,150,San Pedro,Ejido Reynosa,25.728383,-103.019098,95,140,210,2700000,4200000,6300000,40.0,alta,,
369,activa,38359,378,228,San Pedro,Ejido Bolívar,25.753699,-103.02739,135,210,310,5200000,8000000,12000000,40.3,alta,,
370,activa,19469,384,91,San Pedro,Ejido Flores Magón,25.791282,-103.0453,80,120,180,1500000,2300000,3500000,40.7,alta,,
371,activa,9004,157,89,San Pedro,Ejido Flores Magón,25.809425,-103.055126,80,120,185,720000,1100000,1700000,40.9,alta,,
372,activa,801171,1931,801,Lerdo,Los Zamudios,25.44289,-103.755297,45,70,105,37000000,56000000,84000000,40.5,alta,,
373,activa,71040,524,241,Lerdo,El Refugio,25.434234,-103.751753,60,95,140,4300000,6700000,10000000,40.6,alta,,
374,activa,48450,432,213,San Pedro,Ejido Flores Magón,25.790231,-103.043126,70,110,165,3400000,5300000,7900000,40.8,alta,,
375,activa,148392,714,408,San Pedro,Ejido Reynosa,25.750886,-103.023785,125,190,290,19000000,29000000,43000000,40.5,alta,,
376,activa,181664,789,344,Lerdo,Santa Anita,25.398976,-103.734474,55,85,125,9900000,15000000,23000000,41.1,alta,,
377,activa,13002,170,100,San Pedro,San Esteban de Abajo,25.720118,-103.012335,95,145,220,1200000,1900000,2800000,40.3,alta,,
378,activa,33542,260,160,San Pedro,San Esteban de Abajo,25.699785,-103.005898,75,110,170,2400000,3800000,5600000,40.3,alta,,
379,activa,478966,1858,661,Lerdo,El Pedregal,25.41728,-103.745964,50,75,110,23000000,36000000,54000000,41.0,alta,,
380,activa,77751,642,283,Lerdo,Santa Anita,25.402716,-103.73839,60,95,140,4700000,7200000,11000000,41.2,alta,,
381,activa,36443,290,170,San Pedro,Ejido Bolívar,25.75821,-103.024012,150,230,340,5400000,8300000,12000000,40.8,alta,,
382,activa,48938,486,124,San Pedro,San Esteban de Abajo,25.706203,-103.005243,75,115,170,3600000,5500000,8300000,40.6,alta,,
383,activa,5046,80,70,San Pedro,Ejido Flores Magón,25.81071,-103.050117,80,120,180,400000,610000,910000,41.4,media,,
384,activa,21563,210,180,San Pedro,Ejido Flores Magón,25.816682,-103.053616,75,110,170,1600000,2400000,3600000,41.5,alta,,
385,activa,36407,240,210,Lerdo,El Pedregal,25.423541,-103.752015,65,100,150,2400000,3700000,5600000,41.2,alta,,
386,activa,257874,910,420,San Pedro,Ejido Bolívar,25.789376,-103.036956,60,95,145,16000000,25000000,37000000,41.3,alta,,
387,activa,81213,433,292,San Pedro,Ejido Bolívar,25.748957,-103.017501,145,220,330,12000000,18000000,27000000,41.0,alta,327,252999
388,activa,23791,258,198,San Pedro,San Esteban de Abajo,25.708907,-103.003633,80,125,190,2000000,3000000,4500000,40.8,alta,,
389,activa,220434,934,399,San Pedro,San Esteban de Abajo,25.727327,-103.008277,85,130,195,19000000,29000000,43000000,41.0,alta,,
390,activa,14653,177,115,San Pedro,San Esteban de Abajo,25.689867,-102.997644,75,120,180,1100000,1700000,2600000,40.8,alta,,
391,activa,20066,200,160,San Pedro,Ejido Bolívar,25.783243,-103.029878,90,140,210,1800000,2800000,4200000,41.6,alta,,
392,activa,61345,610,210,San Pedro,Ejido Reynosa,25.745989,-103.013499,145,230,340,9000000,14000000,21000000,41.3,alta,332,130727
393,activa,34437,375,169,San Pedro,Ejido Bolívar,25.754752,-103.016537,200,310,470,7000000,11000000,16000000,41.4,alta,,
394,activa,18833,170,130,San Pedro,Ejido Bolívar,25.785875,-103.030732,90,135,200,1600000,2500000,3800000,41.6,alta,,
395,activa,8695,110,110,San Pedro,San Esteban de Abajo,25.704549,-102.99949,85,135,200,760000,1200000,1700000,41.1,media,,
396,activa,575116,1183,605,San Pedro,San Felipe de Purcell,25.683583,-102.994515,50,75,115,28000000,44000000,66000000,41.0,alta,,
397,activa,13102,180,80,San Pedro,San Esteban de Abajo,25.689639,-102.995357,80,120,180,1000000,1600000,2400000,41.0,alta,,
398,activa,47586,383,227,San Pedro,San Esteban de Abajo,25.721713,-103.00309,95,145,210,4400000,6800000,10000000,41.3,alta,,
399,activa,218565,1215,436,San Pedro,San Esteban de Abajo,25.726326,-103.004249,90,140,210,20000000,30000000,45000000,41.3,alta,,
400,activa,38095,237,190,San Pedro,Ejido Bolívar,25.772255,-103.022033,115,175,260,4400000,6700000,10000000,41.7,alta,,
401,activa,69382,500,220,San Pedro,San Pedro de las Colonias,25.74624,-103.010165,155,240,360,11000000,17000000,25000000,41.6,alta,332,130727
402,activa,682341,1086,1070,Lerdo,Santa Anita,25.393758,-103.744319,45,70,105,32000000,49000000,73000000,42.2,alta,,
403,activa,34859,300,140,San Pedro,San Esteban de Abajo,25.708176,-102.997039,80,125,185,2800000,4300000,6500000,41.4,alta,,
404,activa,123153,620,400,San Pedro,San Esteban de Abajo,25.733088,-103.004443,105,160,240,13000000,20000000,29000000,41.6,alta,343,172515
405,activa,46103,521,236,San Pedro,San Pedro de las Colonias,25.741433,-103.007097,150,230,340,6800000,11000000,16000000,41.7,alta,,
406,activa,103586,520,280,San Pedro,San Esteban de Abajo,25.717788,-102.997626,80,125,190,8400000,13000000,19000000,41.7,alta,,
407,activa,15444,140,140,San Pedro,Ejido Bolívar,25.769996,-103.015841,140,220,330,2200000,3400000,5100000,42.1,alta,,
408,activa,171786,1125,423,San Pedro,San Pedro de las Colonias,25.750296,-103.007198,180,270,410,31000000,47000000,71000000,42.0,alta,327,252999
409,activa,8509,110,100,San Pedro,Ejido Bolívar,25.774724,-103.016711,125,195,290,1100000,1600000,2500000,42.3,alta,,
410,activa,49362,370,280,San Pedro,San Esteban de Abajo,25.733591,-103.000129,125,190,290,6200000,9500000,14000000,42.0,alta,343,172515
411,activa,62003,388,226,San Pedro,Ejido Bolívar,25.770092,-103.012302,130,195,290,7900000,12000000,18000000,42.5,alta,,
412,activa,32491,314,192,San Pedro,San Pedro de las Colonias,25.743448,-103.001582,175,270,410,5800000,8900000,13000000,42.3,alta,,
413,activa,54034,587,224,San Pedro,San Esteban de Abajo,25.722971,-102.994697,105,160,240,5700000,8700000,13000000,42.1,alta,,
414,activa,8742,140,70,San Pedro,Ignacio Zaragoza,25.694107,-102.985519,80,125,190,710000,1100000,1600000,42.1,media,,
415,activa,18105,150,150,San Pedro,San Pedro de las Colonias,25.754999,-103.00413,240,370,550,4300000,6600000,10000000,42.5,alta,,
416,activa,187322,848,447,San Pedro,San Pedro de las Colonias,25.738875,-102.997671,145,220,330,27000000,42000000,63000000,42.4,alta,,
417,activa,22079,330,110,San Pedro,San Pedro de las Colonias,25.747947,-102.999491,220,340,510,4900000,7500000,11000000,42.6,alta,,
418,desmontada,92534,462,299,San Pedro,San Pedro de las Colonias,25.740765,-102.995097,160,240,370,15000000,23000000,34000000,42.8,alta,,
419,activa,20527,180,180,San Pedro,San Pedro de las Colonias,25.749533,-102.997965,230,360,540,4800000,7400000,11000000,42.8,alta,,
420,activa,29871,210,180,San Pedro,Ejido Bolívar,25.769164,-103.00455,165,260,390,5000000,7700000,12000000,43.1,alta,,
421,activa,26280,244,152,San Pedro,San Pedro de las Colonias,25.736259,-102.991885,175,270,400,4600000,7100000,11000000,42.9,alta,,
422,activa,99431,573,332,San Pedro,San Pedro de las Colonias,25.740407,-102.992464,170,260,390,17000000,26000000,39000000,43.0,alta,,
423,activa,10548,140,100,San Pedro,Ignacio Zaragoza,25.690144,-102.977764,80,125,185,850000,1300000,2000000,42.8,alta,,
424,activa,35454,346,141,San Pedro,San Pedro de las Colonias,25.739174,-102.99064,195,300,450,7000000,11000000,16000000,43.1,alta,,
425,activa,11726,217,74,San Pedro,Ignacio Zaragoza,25.696374,-102.977009,80,125,190,960000,1500000,2200000,43.0,alta,,
426,activa,22104,180,180,San Pedro,San Felipe de Purcell,25.663369,-102.970703,70,110,165,1600000,2400000,3600000,42.9,alta,,
427,activa,96738,565,282,San Pedro,San Pedro de las Colonias,25.764529,-102.998288,195,300,450,19000000,29000000,44000000,43.5,alta,,
428,activa,12565,180,150,San Pedro,Ejido Bolívar,25.785113,-103.006863,125,195,290,1600000,2400000,3700000,43.7,alta,364,23583
429,activa,11018,140,130,San Pedro,Ejido Bolívar,25.785641,-103.005211,130,200,300,1400000,2200000,3300000,43.9,alta,364,23583
430,activa,38351,310,150,San Pedro,Ejido Bolívar,25.779116,-103.002033,140,220,320,5400000,8300000,12000000,43.8,alta,,
431,activa,92565,670,240,San Pedro,Ejido Bolívar,25.787995,-103.00577,100,155,230,9300000,14000000,21000000,43.9,alta,,
432,desmontada,10681,140,110,San Pedro,Tacuba,25.733061,-102.982313,165,250,380,1700000,2700000,4000000,43.7,alta,,
433,activa,108333,680,240,San Pedro,San Pedro de las Colonias,25.771159,-102.996303,180,280,420,20000000,30000000,45000000,44.0,alta,,
434,activa,14798,140,130,San Pedro,San Felipe de Purcell,25.675867,-102.967995,75,115,175,1100000,1700000,2600000,43.4,alta,,
435,activa,14039,160,140,San Pedro,Tacuba,25.73309,-102.980886,175,270,400,2400000,3700000,5600000,43.8,alta,,
436,activa,49583,541,164,Lerdo,Santa Anita,25.345081,-103.739857,65,100,145,3200000,4900000,7300000,45.1,media,,
437,activa,43529,329,285,San Pedro,Ejido La Carolina,25.791118,-103.003573,105,160,240,4600000,7100000,11000000,44.3,alta,,
438,activa,43012,278,223,San Pedro,Ejido Bolívar,25.777507,-102.995926,180,270,410,7600000,12000000,18000000,44.3,alta,372,86359
439,activa,5090,80,80,San Pedro,Ejido La Carolina,25.787229,-102.9999,135,210,310,690000,1100000,1600000,44.4,media,,
440,activa,43347,310,180,San Pedro,Ejido Bolívar,25.778624,-102.994145,180,280,420,7900000,12000000,18000000,44.5,alta,372,86359
441,activa,88869,598,314,San Pedro,Ejido La Carolina,25.79762,-103.001523,85,130,200,7600000,12000000,18000000,44.8,alta,,
442,activa,8798,200,60,San Pedro,Candelaria,25.720314,-102.971426,110,165,250,950000,1500000,2200000,44.3,media,,
443,activa,6599,110,80,San Pedro,San Felipe de Purcell,25.662985,-102.959299,75,120,175,500000,780000,1200000,44.0,media,,
444,desmontada,9793,161,87,San Pedro,Ignacio Zaragoza,25.694802,-102.964088,50,80,120,510000,780000,1200000,44.2,alta,,
445,activa,31607,260,140,San Pedro,San Pedro de las Colonias,25.775161,-102.988188,220,340,510,7000000,11000000,16000000,44.9,alta,,
446,activa,14905,253,97,San Pedro,Candelaria,25.707338,-102.963224,85,130,195,1300000,1900000,2900000,44.6,alta,,
447,activa,147717,500,460,San Pedro,San Pedro de las Colonias,25.778815,-102.986982,175,270,410,26000000,40000000,60000000,45.2,alta,,
448,activa,6126,90,70,San Pedro,San Miguel,25.701024,-102.960444,85,125,190,510000,780000,1200000,44.7,media,,
449,activa,42243,334,274,San Pedro,San Felipe de Purcell,25.669515,-102.954359,65,100,150,2800000,4300000,6400000,44.6,alta,,
450,activa,6114,110,80,San Pedro,San Pedro de las Colonias,25.781757,-102.987031,190,300,440,1200000,1800000,2700000,45.3,media,,
451,activa,7035,100,90,San Pedro,San Pedro de las Colonias,25.777719,-102.984557,240,360,540,1700000,2500000,3800000,45.3,media,,
452,activa,12137,150,150,San Pedro,San Felipe de Purcell,25.654629,-102.950827,75,115,175,920000,1400000,2100000,44.7,alta,,
453,activa,23756,240,180,San Pedro,Ejido La Carolina,25.807688,-102.997166,85,130,195,2000000,3100000,4600000,45.8,alta,,
454,activa,6437,110,80,San Pedro,San Felipe de Purcell,25.656019,-102.949111,75,115,175,490000,760000,1100000,44.9,media,,
455,activa,338410,954,778,San Pedro,Tacuba,25.73421,-102.965486,105,160,240,35000000,54000000,80000000,45.3,alta,,
456,desmontada,28606,222,204,San Pedro,Ejido Frontera,25.672269,-102.950874,40,65,100,1200000,1900000,2800000,45.0,alta,,
457,activa,34228,225,223,San Pedro,Ejido La Carolina,25.789312,-102.985655,130,195,300,4400000,6800000,10000000,45.8,alta,,
458,activa,8138,110,80,San Pedro,Ejido La Carolina,25.795602,-102.988094,115,180,270,960000,1500000,2200000,45.9,alta,,
459,activa,6448,141,71,San Pedro,Ejido La Carolina,25.808515,-102.994112,90,140,210,590000,900000,1400000,46.1,media,,
460,activa,232794,971,340,San Pedro,Ejido La Carolina,25.79378,-102.986776,90,140,210,21000000,32000000,48000000,45.9,alta,,
461,activa,7729,190,60,San Pedro,San Miguel,25.695602,-102.953264,80,125,185,620000,950000,1400000,45.3,media,,
462,activa,7710,189,79,San Pedro,Ejido La Carolina,25.809076,-102.9931,90,140,210,700000,1100000,1600000,46.2,alta,393,20518
463,activa,22238,200,140,San Pedro,Ejido Frontera,25.675168,-102.947886,70,110,165,1600000,2400000,3600000,45.4,alta,,
464,activa,12808,267,106,San Pedro,Ejido La Carolina,25.808685,-102.991809,90,140,210,1200000,1800000,2700000,46.3,alta,393,20518
465,activa,584267,1007,616,San Pedro,San Pedro de las Colonias,25.772451,-102.974427,155,240,360,92000000,140000000,210000000,46.0,alta,,
466,activa,82728,380,380,San Pedro,Ejido Patrocinio,25.77947,-102.976899,175,270,410,15000000,23000000,34000000,46.1,alta,,
467,activa,97176,483,358,San Pedro,San Pedro de las Colonias,25.777038,-102.975846,185,280,430,18000000,28000000,42000000,46.1,alta,,
468,activa,179085,1093,303,Lerdo,Nuevo Graseros,25.308109,-103.736063,55,85,125,9800000,15000000,23000000,47.5,alta,,
469,desmontada,11281,130,120,San Pedro,San Pedro de las Colonias,25.751022,-102.964123,180,280,420,2100000,3200000,4700000,46.1,alta,,
470,activa,217440,556,472,San Pedro,Ejido La Carolina,25.798037,-102.982472,80,125,190,18000000,27000000,41000000,46.5,alta,,
471,activa,9068,120,100,San Pedro,El Porvenir de Abajo,25.788059,-102.97783,150,230,340,1400000,2100000,3100000,46.4,media,,
472,activa,6503,90,90,San Pedro,El Porvenir de Abajo,25.780967,-102.974233,185,290,430,1200000,1900000,2800000,46.4,media,,
473,activa,99208,710,280,San Pedro,Ejido La Carolina,25.805374,-102.985539,75,115,175,7500000,12000000,17000000,46.6,alta,,
474,activa,11976,206,80,San Pedro,Ejido Frontera,25.675186,-102.942656,75,115,175,910000,1400000,2100000,45.9,alta,,
475,activa,371344,1143,478,San Pedro,Nueva Candelaria,25.725419,-102.953455,70,105,155,25000000,39000000,58000000,46.1,alta,,
476,activa,43097,520,110,San Pedro,Ejido La Carolina,25.801798,-102.982504,90,135,200,3800000,5800000,8700000,46.7,alta,,
477,desmontada,13445,250,98,San Pedro,San Pedro de las Colonias,25.753176,-102.960602,165,260,390,2200000,3500000,5200000,46.5,alta,,
478,desmontada,24261,190,150,San Pedro,El Porvenir de Abajo,25.789468,-102.975089,110,170,260,2700000,4200000,6300000,46.8,alta,,
479,activa,192316,1000,250,San Pedro,San Pedro de las Colonias,25.759575,-102.962489,180,280,420,35000000,53000000,80000000,46.6,alta,406,1768569
480,desmontada,41401,320,250,San Pedro,El Porvenir de Abajo,25.792302,-102.975741,95,150,220,4000000,6200000,9300000,46.8,alta,,
481,activa,133170,808,381,San Pedro,Ejido Frontera,25.672929,-102.939606,55,90,130,7600000,12000000,18000000,46.1,alta,,
482,activa,7016,90,80,San Pedro,El Nilo,25.752728,-102.959562,170,260,390,1200000,1800000,2800000,46.6,media,,
483,activa,35118,310,220,San Pedro,El Porvenir de Abajo,25.79167,-102.974408,120,180,270,4100000,6400000,9500000,46.9,alta,409,43053
484,activa,7935,130,80,San Pedro,El Porvenir de Abajo,25.793879,-102.974562,125,190,280,970000,1500000,2200000,47.0,media,409,43053
485,activa,41264,427,167,San Pedro,El Porvenir de Abajo,25.788137,-102.971717,120,190,280,5000000,7700000,12000000,47.0,alta,,
486,desmontada,108375,650,350,San Pedro,El Porvenir de Abajo,25.798156,-102.975985,75,110,170,7900000,12000000,18000000,47.1,alta,,
487,activa,10674,170,90,San Pedro,Ejido Frontera,25.699372,-102.94244,80,120,180,840000,1300000,1900000,46.5,alta,,
488,activa,1418016,2704,854,San Pedro,El Nilo,25.754725,-102.957881,145,220,330,200000000,310000000,470000000,46.8,alta,406,1768569
489,activa,6200,90,90,San Pedro,El Porvenir de Abajo,25.793592,-102.973321,120,190,280,760000,1200000,1800000,47.1,media,,
490,activa,17548,160,140,San Pedro,Ejido Tebas y Palmira,25.721837,-102.945835,85,130,190,1500000,2200000,3400000,46.8,alta,,
491,activa,158237,630,290,San Pedro,Ejido Patrocinio,25.761651,-102.958114,155,230,350,24000000,37000000,56000000,47.1,alta,406,1768569
492,activa,5116,90,80,San Pedro,Ejido Frontera,25.699198,-102.939703,80,120,180,400000,620000,930000,46.7,media,,
493,activa,202365,1224,337,Tlahualilo,Tlahualilo de Zaragoza,26.060012,-103.464611,60,95,145,13000000,19000000,29000000,51.3,alta,,
494,activa,396230,939,495,San Pedro,El Porvenir de Abajo,25.799616,-102.971573,75,115,175,30000000,46000000,69000000,47.6,alta,,
495,activa,43703,474,116,San Pedro,El Porvenir de Abajo,25.787113,-102.965304,115,175,270,5000000,7700000,12000000,47.5,alta,,
496,activa,53497,310,230,San Pedro,El Nilo,25.751289,-102.950865,110,170,260,5900000,9100000,14000000,47.3,alta,,
497,activa,5398,130,60,San Pedro,Ejido Tebas y Palmira,25.726887,-102.943211,90,135,200,480000,740000,1100000,47.2,media,,
498,activa,165827,720,440,San Pedro,Ejido Patrocinio,25.765639,-102.954992,140,210,320,23000000,35000000,53000000,47.5,alta,,
499,activa,521223,1198,813,San Pedro,Ejido Patrocinio,25.772858,-102.957175,125,190,280,64000000,99000000,150000000,47.6,alta,,
500,activa,657964,1574,722,San Pedro,El Porvenir de Abajo,25.805893,-102.971617,60,90,140,39000000,61000000,91000000,47.9,alta,,
501,activa,14361,240,110,San Pedro,Ejido Frontera,25.693264,-102.933529,75,115,175,1100000,1700000,2500000,47.2,alta,,
502,activa,16529,300,70,San Pedro,El Nilo,25.736902,-102.944135,95,145,220,1600000,2400000,3600000,47.4,alta,,
503,activa,9289,130,110,San Pedro,Ejido Frontera,25.70708,-102.935726,80,120,185,740000,1100000,1700000,47.3,media,,
504,activa,172705,590,570,San Pedro,El Nilo,25.74276,-102.945331,80,120,180,13000000,21000000,31000000,47.5,alta,,
505,activa,26990,240,190,San Pedro,El Nilo,25.727875,-102.940707,80,125,185,2200000,3300000,5000000,47.4,alta,,
506,activa,13870,140,120,San Pedro,Ejido Frontera,25.686462,-102.930907,75,115,175,1000000,1600000,2400000,47.3,alta,,
507,desmontada,28561,396,142,San Pedro,El Nilo,25.727227,-102.939754,55,85,125,1500000,2400000,3500000,47.5,alta,,
508,activa,139365,651,402,San Pedro,El Porvenir de Abajo,25.787779,-102.96013,95,145,220,13000000,20000000,30000000,48.0,alta,429,2762504
509,activa,34743,220,180,San Pedro,Ejido Frontera,25.688784,-102.928202,65,105,155,2300000,3600000,5400000,47.6,alta,,
510,activa,8474,170,60,San Pedro,Ejido Patrocinio,25.77649,-102.953533,145,220,330,1200000,1900000,2800000,48.1,alta,,
511,activa,49346,591,267,San Pedro,Ejido Frontera,25.707634,-102.93177,65,100,155,3300000,5000000,7500000,47.7,alta,,
512,activa,9765,130,120,San Pedro,El Nilo,25.731125,-102.937159,90,135,200,860000,1300000,2000000,47.9,media,,
513,activa,11874,160,90,San Pedro,Ejido Patrocinio,25.760538,-102.945623,125,195,290,1500000,2300000,3400000,48.2,alta,,
514,activa,47842,320,210,San Pedro,Ejido Patrocinio,25.776006,-102.950423,115,180,270,5600000,8600000,13000000,48.4,alta,,
515,activa,6193,156,68,San Pedro,El Porvenir de Abajo,25.787831,-102.955123,115,175,260,700000,1100000,1600000,48.5,media,429,2762504
516,activa,8690,120,110,San Pedro,El Nilo,25.737495,-102.9368,90,140,210,790000,1200000,1800000,48.1,media,,
517,activa,133160,660,340,San Pedro,Ejido Frontera,25.694533,-102.926091,55,90,135,7700000,12000000,18000000,47.9,alta,,
518,activa,45209,379,247,San Pedro,El Nilo,25.734284,-102.93576,75,115,175,3400000,5300000,7900000,48.1,alta,,
519,activa,255990,810,470,San Pedro,La Lucesita,25.712637,-102.92871,55,85,125,14000000,22000000,32000000,48.1,alta,,
520,activa,23556,270,190,San Pedro,Ejido Patrocinio,25.775169,-102.946965,120,180,270,2800000,4300000,6400000,48.7,alta,,
521,activa,818912,1441,1206,San Pedro,El Porvenir de Abajo,25.791574,-102.952043,65,105,155,55000000,85000000,130000000,48.9,alta,429,2762504
522,activa,17003,190,100,San Pedro,El Nilo,25.736125,-102.931193,80,125,190,1400000,2100000,3200000,48.6,alta,,
523,activa,16520,190,130,San Pedro,La Lucesita,25.714195,-102.925295,75,115,175,1200000,1900000,2900000,48.5,alta,,
524,activa,185714,670,370,San Pedro,La Lucesita,25.710479,-102.924363,55,85,130,10000000,16000000,24000000,48.5,alta,,
525,activa,110820,460,420,San Pedro,Ejido Patrocinio,25.774672,-102.944058,95,145,220,10000000,16000000,24000000,48.9,alta,,
526,activa,1798034,2206,1475,San Pedro,El Porvenir de Abajo,25.799809,-102.954129,65,95,145,110000000,170000000,260000000,49.2,alta,429,2762504
527,activa,16387,226,137,San Pedro,La Lucesita,25.697651,-102.920302,75,115,170,1200000,1900000,2800000,48.6,alta,,
528,activa,23574,221,136,San Pedro,El Nilo,25.739464,-102.930632,80,125,185,1900000,2900000,4400000,48.8,alta,,
529,activa,172059,854,476,Lerdo,Nuevo Graseros,25.27037,-103.745793,55,85,125,9400000,15000000,22000000,51.1,alta,,
530,activa,5312,90,60,San Pedro,Ejido Patrocinio,25.772299,-102.938691,110,165,250,570000,880000,1300000,49.3,media,,
531,activa,23693,220,150,San Pedro,La Lucesita,25.727395,-102.921827,75,115,170,1700000,2700000,4000000,49.2,alta,,
532,activa,16331,170,140,San Pedro,El Porvenir de Abajo,25.800617,-102.946897,85,130,195,1400000,2100000,3200000,49.8,alta,,
533,activa,259854,706,545,San Pedro,La Lucesita,25.704649,-102.914148,55,80,120,14000000,21000000,32000000,49.4,alta,,
534,activa,17484,228,101,San Pedro,El Porvenir de Abajo,25.797511,-102.944013,85,130,195,1500000,2300000,3400000,50.0,alta,452,141023
535,activa,123539,704,287,San Pedro,El Porvenir de Abajo,25.798844,-102.942369,65,105,155,8300000,13000000,19000000,50.2,alta,452,141023
536,activa,9494,120,120,San Pedro,El Porvenir de Abajo,25.802297,-102.943807,85,130,200,820000,1300000,1900000,50.2,alta,,
537,activa,147825,601,445,San Pedro,El Porvenir de Abajo,25.793531,-102.935577,65,105,155,9900000,15000000,23000000,50.5,alta,454,222210
538,activa,74385,603,243,San Pedro,Ejido Patrocinio,25.791514,-102.933423,70,110,165,5300000,8200000,12000000,50.6,alta,454,222210
539,activa,39303,300,220,Tlahualilo,Pamplona,26.111961,-103.39658,85,130,195,3300000,5100000,7700000,56.5,alta,,
540,activa,8344,120,90,Tlahualilo,Pamplona,26.114947,-103.39306,95,140,210,770000,1200000,1800000,56.9,alta,,
541,activa,376438,957,584,Cuencamé,Nuevo Graseros,25.223023,-103.771637,50,75,115,19000000,29000000,43000000,56.7,alta,,
542,activa,19678,234,140,Cuencamé,Nuevo Graseros,25.206575,-103.766994,70,110,165,1400000,2200000,3200000,57.8,alta,,
543,activa,40238,403,233,Cuencamé,Nuevo Graseros,25.208809,-103.769353,65,100,150,2600000,4000000,6100000,57.7,alta,,
544,activa,23082,252,148,Cuencamé,Nuevo Graseros,25.205314,-103.770179,70,105,160,1600000,2500000,3700000,58.1,alta,,
545,activa,6139,110,90,Cuencamé,Nuevo Graseros,25.207655,-103.77377,75,115,175,470000,720000,1100000,58.1,media,,
546,activa,16354,250,100,Cuencamé,Nuevo Graseros,25.205916,-103.776298,75,110,170,1200000,1800000,2700000,58.4,alta,,
547,activa,81225,447,302,Mapimí,Las Amarillas,25.845165,-103.977666,60,90,140,4900000,7500000,11000000,64.6,media,,
548,activa,37501,270,210,Nazas,Santa Teresa de la Uña,25.273915,-103.965587,65,100,150,2500000,3800000,5700000,68.1,alta,,
549,activa,73409,490,262,Nazas,Santa Teresa de la Uña,25.284518,-103.976504,60,95,140,4500000,6900000,10000000,68.5,alta,,
550,activa,37653,270,200,Nazas,Santa Teresa de la Uña,25.267483,-103.969096,65,100,150,2500000,3800000,5700000,68.8,alta,,
551,activa,126764,910,250,Nazas,General Lázaro Cárdenas,25.288038,-103.980653,55,85,130,7200000,11000000,17000000,68.6,alta,,
552,activa,73152,583,279,Nazas,Santa Teresa de la Uña,25.27484,-103.974714,60,95,140,4400000,6800000,10000000,68.9,alta,468,132052
553,activa,16419,175,113,Nazas,Santa Teresa de la Uña,25.280011,-103.977834,75,110,170,1200000,1800000,2800000,68.8,alta,,
554,activa,58900,492,324,Nazas,Santa Teresa de la Uña,25.271887,-103.975471,60,95,145,3700000,5600000,8500000,69.1,alta,468,132052
555,activa,63119,428,191,Nazas,General Lázaro Cárdenas,25.283463,-103.984005,60,95,145,3900000,6000000,9000000,69.2,alta,,
556,activa,16996,198,129,Nazas,Santa Teresa de la Uña,25.271441,-103.978899,70,110,165,1200000,1900000,2800000,69.4,media,,
557,activa,44810,367,189,Nazas,Santa Teresa de la Uña,25.265406,-103.975523,65,100,150,2900000,4400000,6700000,69.5,alta,,
558,activa,30054,246,179,Nazas,Santa Teresa de la Uña,25.268353,-103.977237,70,105,155,2000000,3100000,4700000,69.5,alta,,
559,activa,43506,347,227,Nazas,Santa Teresa de la Uña,25.278295,-103.990806,65,100,150,2800000,4300000,6500000,70.1,alta,,
560,activa,171872,627,573,Nazas,Santa Teresa de la Uña,25.267712,-103.985399,55,85,125,9400000,14000000,22000000,70.2,alta,,
561,activa,949134,1710,1150,Nazas,General Lázaro Cárdenas,25.278715,-103.996863,45,70,105,42000000,65000000,98000000,70.6,alta,,
562,activa,6960,150,50,Nazas,General Lázaro Cárdenas,25.285138,-104.002323,75,115,175,530000,810000,1200000,70.7,media,,
563,activa,266900,850,630,Nazas,Santa Teresa de la Uña,25.266342,-103.992943,50,80,120,14000000,21000000,32000000,70.9,alta,,
564,activa,12288,140,100,Nazas,General Lázaro Cárdenas,25.285466,-104.005054,75,115,175,920000,1400000,2100000,70.9,alta,,
565,activa,184867,770,370,Nazas,Paso Nacional,25.267459,-104.005443,55,85,125,10000000,15000000,23000000,71.9,alta,,
